tweet_id,author_id,tweet_by,tweet_by_verified,user_location,text,clean_tweet,sentiment_text,created_at,source,retweets,replies,likes,quote_count,hastags,mentions,subjectivity,polarity,sentiment
1528888506520592387,814961221719957504,BarbiBlanco14,False,"Ciudad Autónoma de Buenos Aires, Argentina",RT @DEBORAHKAHAN1: Alberto.... Mi hijo con discapacidad severa caminaba por las paredes en tu cuarentena eterna mientras vos te reías de no…,mi con las en tu te de,mi con la en tu te de,2022-05-23 23:59:59+00:00,Twitter for iPhone,280,0,0,0,[],['DEBORAHKAHAN1'],0.0,0.0,Neutral
1528888506327523328,1152110797293670401,mynameprada,False,الولايات المتحدة,"RT @RashaAlAqeedi: That moment the barista pronounces your name correctly for the first time and yells out ""RUSSIAAAA!"" infront of 30 peopl…",moment name correctly first time,moment name correctly first time,2022-05-23 23:59:59+00:00,Twitter Web App,1153,0,0,0,[],['RashaAlAqeedi'],0.3333333333333333,0.25,Positive
1528888506306936832,1527762084322328577,manesix123,False,,RT @Giiiiiii01: gracias mi wife por darme una crisis existencial por no estar al dia con my little pony es mejor que mi crisis existencial…,mi wife crisis al con little pony es mi crisis,mi wife crisis al con little pony e mi crisis,2022-05-23 23:59:59+00:00,Twitter Web App,1,0,0,0,[],['Giiiiiii01'],0.5,-0.1875,Negative
1528888506038120454,3293028114,12WAAA12,False,wherever the wind takes me,"Honestly, a mí me encantaría tener un novio que le guste ir a bares gays conmigo o sin mí. 😍 https://t.co/ESXW8Cakp0",honestly un sin,honestly un sin,2022-05-23 23:59:59+00:00,Twitter for Android,0,0,1,0,[],[],0.9,0.6,Positive
1528888506017320965,1034860851721850882,maraasilvero,False,"Garuhapé, Misiones",Quiero las chipitas de mi mamá igual,las de mi,la de mi,2022-05-23 23:59:59+00:00,Twitter for iPhone,0,0,0,0,[],[],0.0,0.0,Neutral
1528888505924931584,305399139,majoobaez,False,"Villarrica, Paraguay","Para mi sos un trozo de mi vida que me arrancaron sin pedírmelo y deprisa, no pude darte mas besos ni más caricias 🐾",para mi un de mi sin mas ni,para mi un de mi sin ma ni,2022-05-23 23:59:59+00:00,Twitter for iPhone,0,0,0,0,[],[],0.0,0.0,Neutral
1528888505555988480,1472327208005943297,hycrn0,False,she/her | infp,@icr3dible di mi di mi,di mi di mi,di mi di mi,2022-05-23 23:59:59+00:00,Twitter for iPhone,0,0,1,0,[],['icr3dible'],0.0,0.0,Neutral
1528888505497137152,990696123009503232,feelinforu,False,,RT @_Alexxxistiq: ¿Rico? Es ponerme en 4 para mi papi @vic_twink 👼🏻💕 me dejo mi cōlitō bien mojadito y me vine sin tocarme mñam 😳 hay segun…,es en para mi mi bien vine sin hay,e en para mi mi bien vine sin hay,2022-05-23 23:59:59+00:00,Twitter for iPhone,1356,0,0,0,[],"['_Alexxxistiq', 'vic_twink']",0.0,0.0,Neutral
1528888505317076992,1476687615361441794,gamaliel2022,False,,RT @TaxiCalienteSV: Mi primo empezó a tocarme 🥵 y terminó aguantando verga como un putito 🤤💦 https://t.co/TDWu8UQIA1,mi un,mi un,2022-05-23 23:59:59+00:00,Twitter for Android,251,0,0,0,[],['TaxiCalienteSV'],0.0,0.0,Neutral
1528888505056710657,1460484134,iQueRoxy,False,CDMX,A veces siento que mi hermana hizo su fiesta de XV como yo la hubiera querido porque no tuve🥺🥺,mi fiesta de yo la,mi fiesta de yo la,2022-05-23 23:59:59+00:00,Twitter for iPhone,0,0,0,0,[],[],0.0,0.0,Neutral
1528888505010642946,1426286769436250118,seokminovio,False,dazai t amooo,"@starjjnuni igual esta tienda m gt más porq a comparación de varias es más barato (x ejem la mayoría de tiendas tenia minisode en $40 y ahí salía en $38, además de estar en caracas entonces puedes pagar en efectivo y ahorrarte el gasto del envío nacional)",de es la de en en de en en el,de e la de en en de en en el,2022-05-23 23:59:59+00:00,Twitter for iPhone,0,0,0,0,[],['starjjnuni'],0.0,0.0,Neutral
1528888504847040513,294183728,PastelitoRk,False,Honduras,Mi cuerpo en El Progreso pero mi mente en Guatemala. 🌋 https://t.co/aHLQ0LNkzN,mi en el mi en,mi en el mi en,2022-05-23 23:59:59+00:00,Twitter for Android,0,0,0,0,[],[],0.0,0.0,Neutral
1528888504628805632,55476898,verochi09,False,Venezuela,"RT @Jason_Elmaldo: Ella es mi mamá. En resumen es cáncer y esto ha sido duro para el bolsillo y para el alma. Son exámenes tras exámenes, p…",es mi en es ha duro para el para el alma son,e mi en e ha duro para el para el alma son,2022-05-23 23:59:59+00:00,Twitter for Android,2264,0,0,0,[],['Jason_Elmaldo'],0.0,0.0,Neutral
1528888504520159236,1215492834054344705,ferrarimaar1,False,"Tres Arroyos, Argentina",@ThomyPorta7_ mi amor hermoso 😍😍❤,mi amor,mi amor,2022-05-23 23:59:59+00:00,Twitter for Android,0,0,0,0,[],['ThomyPorta7_'],0.0,0.0,Neutral
1528888504461037568,1064110679056138240,aesthheticc,False,,"hoy por ti, mañana por mí",hoy ti,hoy ti,2022-05-23 23:59:59+00:00,Twitter for Android,1,0,1,0,[],[],0.0,0.0,Neutral
1528888504276512768,1469104791011876872,selenitaaa_,False,"Buenos Aires, Argentina",a mi solo me dan lastima https://t.co/G2gnOWBVQC,mi solo dan,mi solo dan,2022-05-23 23:59:59+00:00,Twitter for Android,0,0,1,0,[],[],0.0,0.0,Neutral
1528888504159457280,282196602,Sofiavmayol,False,,RT @mavitanf: hola! con mi equipo de fútbol que se llama Gambeta estamos vendiendo pastelitos para este miércoles 25 de Mayo. Es para poder…,con mi de se llama para de es para,con mi de se llama para de e para,2022-05-23 23:59:59+00:00,Twitter for iPhone,6,0,0,0,[],['mavitanf'],0.0,0.0,Neutral
1528888504133902336,1517270477756010496,JorgeSantosRom1,False,,"@Ticketmaster_Me JUSTIN BIEBER 25 DE MAYO URGENTE Número de orden 46-17103 soy titular de la tarjeta y necesito que mi persona de emergencia recoja mis boletos en willcall porque yo no puedo hacerlo, ya tiene mi tarjeta con la que se realizó la compra y no le entregan los boletos",de de soy titular de la mi persona de en yo ya mi con la se la,de de soy titular de la mi persona de en yo ya mi con la se la,2022-05-23 23:59:59+00:00,Twitter for Android,0,0,0,0,[],['Ticketmaster_Me'],0.1,0.1,Positive
1528888504088162304,2492125728,RooodryRamos,False,"La Plata, Argentina","Dejemos los estereotipos de lado. Mi central, lo banco a muerte. https://t.co/hsZDeR5TPg",de mi central lo banco,de mi central lo banco,2022-05-23 23:59:59+00:00,Twitter for iPhone,0,0,0,0,[],[],0.25,0.0,Neutral
1528888504008093696,1895525834,EMIRI_KARESHI,False,Apex:GOD_EMIRI_MASTER,"@mi_0ta2 たぶん押す方間違えた説しかない()
ノイミー2曲しかわからんぐらいにはにわか",,,2022-05-23 23:59:59+00:00,Twitter for iPhone,0,1,0,0,[],['mi_0ta2'],0.0,0.0,Neutral
1528888503953932289,1173159547294420993,carlarmzzz,False,nowhere,RT @STPV14: cuiden mi amistad que soy 0- (donante universal),mi soy universal,mi soy universal,2022-05-23 23:59:59+00:00,Twitter for Android,21,0,0,0,[],['STPV14'],0.0,0.0,Neutral
1528888503848796162,174498269,Dianita250,False,,RT @gdqc__: Mi fantasía sexual es tener una relación en la que jamás me hagan dudar de mi lugar,mi sexual es en la de mi,mi sexual e en la de mi,2022-05-23 23:59:59+00:00,Twitter for Android,5763,0,0,0,[],['gdqc__'],0.8333333333333334,0.5,Positive
1528888503718752256,1528209228745277441,elprocesodeamar,False,perdida en el café de tus ojos,"En la noche se esconde
la nostalgia de no tenerte 
Y en mi piel las ganas de 
estar contigo.
Es cuando más te extraña mi cuerpo y cada parte de mi te aclama te desea aquí en mi cama.

En la obscuridad cada una de mis lágrimas van haciendo un río en mi alma sigue 
lloviendo. https://t.co/j1JOgWLUgm",en la se la nostalgia de en mi las de es te mi de mi te te en mi en la de van un en mi alma,en la se la nostalgia de en mi la de e te mi de mi te te en mi en la de van un en mi alma,2022-05-23 23:59:59+00:00,Twitter for Android,0,1,1,0,[],[],0.0,0.0,Neutral
1528888503538700288,1485847391861448707,biluerle,False,,"No me ganes que tasloco jajaja🤣 ella peleando por el y si supiera que me escribe a mi y a un par más y ella presumiendolo, te morís😬",el si escribe mi un par te,el si escribe mi un par te,2022-05-23 23:59:59+00:00,Twitter for Android,0,0,1,0,[],[],0.0,0.0,Neutral
1528888503471333376,3090494513,DasheMartinez,False, ,"RT @TheQueenPornTS: ‼️Quien me visita , en San diego California🇺🇸😋quiero ser follada duramente 💦🥵‼️
Este fan hizo realidad su sueño solo fa…",visita en san ser fan solo,visita en san ser fan solo,2022-05-23 23:59:59+00:00,Twitter for Android,94,0,0,0,[],['TheQueenPornTS'],0.0,0.0,Neutral
1528888503450443776,1521939089687461888,Misolakin,False,"Jalisco, México","@Minitakin mi ojitos bellos zzzz

#AkınAkınözü",mi,mi,2022-05-23 23:59:59+00:00,Twitter for Android,0,0,0,0,['AkınAkınözü'],['Minitakin'],0.0,0.0,Neutral
1528888503425114113,152182451,r_mrra,False,,"RT @Moonlight_Blue4: Hola a todos.
Hoy voy a compartir con ustedes una situación muy difícil.
Quiero aclarar que no lo hago por morbosidad…",hoy con lo,hoy con lo,2022-05-23 23:59:59+00:00,Twitter for Android,168,0,0,0,[],['Moonlight_Blue4'],0.0,0.0,Neutral
1528888503349542912,84491074,ailynyepez,False,,RT @drewftpatch: beliebers mi casa son mis hermanas de sangre morada justin es una tostadora nosotras unos panes nos encanta jerry y correr…,mi son de es jerry,mi son de e jerry,2022-05-23 23:59:59+00:00,Twitter for iPhone,153,0,0,0,[],['drewftpatch'],0.0,0.0,Neutral
1528888503315992576,916176787,MehmetKaraerik,False,"Sydney, New South Wales",@takimakinak @VeyselKirisoglu @HarzemliRek @KemalSuroglu @malibuyukkara Oraya mı asmak istiyorsun? Ama Fullerden önce Efgani senin üzerinde olduğun Islamısm ideolojisinin temellerini attı. Sen hangi kanaldan besleniyorsun? Efgani mi Fuller mi?   Dini senin aklınla mı ölçelim?,ama sen mi fuller mi,ama sen mi fuller mi,2022-05-23 23:59:59+00:00,Twitter Web App,0,0,0,0,[],"['takimakinak', 'VeyselKirisoglu', 'HarzemliRek', 'KemalSuroglu', 'malibuyukkara']",0.0,0.0,Neutral
1528888502930132992,1514734291854393347,mccormack_pepe,False,,RT @CalltoActivism: BREAKING: Facebook owner Mark Zuckerberg has been slapped with a lawsuit by the DC Attorney General for misleading priv…,breaking owner mark lawsuit attorney general misleading,breaking owner mark lawsuit attorney general misleading,2022-05-23 23:59:59+00:00,Twitter Web App,2536,0,0,0,[],['CalltoActivism'],0.5,0.05000000000000002,Positive
1528888502858919936,1122254663213092864,AcidGirl18,False,Santiago-Chile,"RT @Mister_Wolf_0: Solo hoy nuestros honorables senadores se despacharon estas lindas declaraciones. Agreguen a Ossandón, Kast y tantos otr…",solo hoy se,solo hoy se,2022-05-23 23:59:59+00:00,Twitter for Android,519,0,0,0,[],['Mister_Wolf_0'],0.0,0.0,Neutral
1528888502552653824,1070422326,cesaranddale,False,"La Serena, Chile",RT @AHummingbirds: Después de tantos años dedicado a la fotografía de colibríes ésta mañana logré lo que para mi es la mejor foto que he lo…,de la de lo para mi es la,de la de lo para mi e la,2022-05-23 23:59:59+00:00,Twitter for Android,5027,0,0,0,[],['AHummingbirds'],0.0,0.0,Neutral
1528888502196137985,1177038640234541056,Alexreyesm01,False,"San Salvador, El Salvador",El 20 se convirtió en mi número favorito 🐋 https://t.co/AwphIgT511,el se en mi,el se en mi,2022-05-23 23:59:58+00:00,Twitter for iPhone,3,3,213,0,[],[],0.0,0.0,Neutral
1528888502053634049,1059843275438391296,SofiiaAlvarez01,False,"Córdoba, Argentina","RT @IMoreno_2: Yo por mi hermana, me mato con quien sea, pero si me pide un vaso de agua no se lo voy a traer, una cosa no tiene que ver co…",yo mi con sea si un de agua se lo,yo mi con sea si un de agua se lo,2022-05-23 23:59:58+00:00,Twitter for Android,26455,0,0,0,[],['IMoreno_2'],0.0,0.0,Neutral
1528888501894193152,1240112143351140352,Rodrigoo_C18,False,"Maldonado, Uruguay",@_yassmin21_ cuando será el día q dejes de atacarme por mi signo ajajaja,el de mi,el de mi,2022-05-23 23:59:58+00:00,Twitter for iPhone,0,1,0,0,[],['_yassmin21_'],0.0,0.0,Neutral
1528888501839667200,1515578593560399875,alexa20moon,False,Ecuador,"RT @Nahixkev: @Kevlex_update @alexkev_ KEVLEXD X MIAW
#PeticionesMTVMIAW2022 
#KEVLEX
#kevlexd  sigan por mi lloro jsjsjs",mi,mi,2022-05-23 23:59:58+00:00,Twitter for Android,4,0,0,0,"['PeticionesMTVMIAW2022', 'KEVLEX', 'kevlexd']","['Nahixkev', 'Kevlex_update', 'alexkev_']",0.0,0.0,Neutral
1528888501814841344,3421256825,facuquiroga57,False,,RT @fabipa90: Mi vida por el gordo. https://t.co/JQa5iD2iYz,mi el,mi el,2022-05-23 23:59:58+00:00,Twitter Web App,4385,0,0,0,[],['fabipa90'],0.0,0.0,Neutral
1528888501806059522,1295380031271772165,kathy__sibrian,False,"Chalatenango, El Salvador",RT @lilidanielaaa: te amo persona que entiende mi sarcasmo,te persona mi,te persona mi,2022-05-23 23:59:58+00:00,Twitter for iPhone,3908,0,0,0,[],['lilidanielaaa'],0.0,0.0,Neutral
1528888501529628672,751570762465742848,ojedmilagros,False,,RT @_oohhh0: mi lenguaje de amor es contestar rápido mensajes,mi de amor es,mi de amor e,2022-05-23 23:59:58+00:00,Twitter for Android,301,0,0,0,[],['_oohhh0'],0.0,0.0,Neutral
1528888501378375680,1346842005385711616,Follotodo1,False,,"RT @lanacarolina01: Les dejo esta fotito para que admiren mis piernitas lindas uwu🤭

Semana de promocion en mi contenido🤤 https://t.co/kA6x…",para de en mi,para de en mi,2022-05-23 23:59:58+00:00,Twitter Web App,444,0,0,0,[],['lanacarolina01'],0.0,0.0,Neutral
1528888501256785921,3775176922,CcamiMagdaleno,False,"Córdoba, Argentina","Saber que estuve a nada de perderlo me destruye psicológicamente, gracias vida por ponerte de mi lado un rato❤️‍🩹✨",saber de de mi un,saber de de mi un,2022-05-23 23:59:58+00:00,Twitter for iPhone,0,0,8,1,[],[],0.0,0.0,Neutral
1528888501231464448,1081440952189775872,Madhumathy15,False,Madurai,"@timesprime 2) MI #ContestAlert #contestalertindia #content #IPL2022

@Deepaadhan3 
@Ramani96216074 
@ranchikuldeep 
@Antony0762 
@sengodan4",mi content,mi content,2022-05-23 23:59:58+00:00,Twitter for Android,0,0,1,0,"['ContestAlert', 'contestalertindia', 'content', 'IPL2022']","['timesprime', 'Deepaadhan3', 'Ramani96216074', 'ranchikuldeep', 'Antony0762', 'sengodan4']",0.0,0.0,Neutral
1528888501176893440,1099625400,chasuito,False,,"@carolinawagner_ Totalmente de acuerdo, yo soy ateo, mi hijo muy creyente, cuando chico lo acompañe a misas, a conocer iglesias, le ayude lo más que pude dentro de lo poco que me interesaba el tema, el eligió creer, quien soy yo para decirle lo contrario",de yo soy mi chico lo lo de lo poco el el soy yo para lo,de yo soy mi chico lo lo de lo poco el el soy yo para lo,2022-05-23 23:59:58+00:00,Twitter for Android,0,1,3,0,[],['carolinawagner_'],0.0,0.0,Neutral
1528888501126799361,203320337,caccialh,False,,"Pido perdón si alguna vez mi salud mental me hizo ser mala amiga, mala pareja,mala compañía o simplemente una mala persona.🤍",si mi mental ser mala mala mala mala,si mi mental ser mala mala mala mala,2022-05-23 23:59:58+00:00,Twitter for iPhone,0,0,1,0,[],[],0.2,-0.1,Negative
1528888500996648961,1328355390971543561,stellion16,False,,"RT @lowkeystanz: ""you'll never know unless you jump off the cliff."" look at him living up to his words. 🥺 'tong manok na 'to, talon nang ta…",never know unless jump cliff look living na talon,never know unless jump cliff look living na talon,2022-05-23 23:59:58+00:00,Twitter for Android,93,0,0,0,[],['lowkeystanz'],0.0,0.0,Neutral
1528888500749504512,798724101045157888,mrrjirouu,False,he!she,RT @sunshinespreen: mi infancia y mi adolescencia en un mismo stream https://t.co/6fP0418KY3,mi mi en un stream,mi mi en un stream,2022-05-23 23:59:58+00:00,Twitter for Android,3,0,0,0,[],['sunshinespreen'],0.0,0.0,Neutral
1528888500702937089,251106326,ssendam__,False,República del Parawhy,"RT @bufalx_: Vivo con mi pareja y sabe que vivo con VIH y que soy indetectable. Vivir con VIH no significa vendarse del amor, ni del sexo.…",con mi sabe con soy indetectable con amor ni,con mi sabe con soy indetectable con amor ni,2022-05-23 23:59:58+00:00,Twitter for iPhone,156,0,0,0,[],['bufalx_'],0.0,0.0,Neutral
1528888500661395456,1411983646718836736,Floriyou_,False,"Quilmes, Argentina","Estamos todos de acuerdo que ""Boyfriends"" no es solo para un ex no? Corte puede ser para cualquier relación tóxica que hayamos tenido o tenemos. Xq a mi se me viene a la cabeza mi ex amiga de toda la vida y duele jajan't",de es solo para un ex ser para mi se la mi ex de la,de e solo para un ex ser para mi se la mi ex de la,2022-05-23 23:59:58+00:00,Twitter for Android,0,0,0,0,[],[],0.0,0.0,Neutral
1528888500153528320,1522539844030717952,irukandji_bkl,False,"Bengkulu, Indonesia","RT @TikkaReal12: #solo yg mau include hari nii 
Bisa dp dr skg yaa 

RR dm @TikkaReal12",solo mau include,solo mau include,2022-05-23 23:59:58+00:00,Twitter for Android,1,0,0,0,['solo'],"['TikkaReal12', 'TikkaReal12']",0.0,0.0,Neutral
1528888500116144128,1133699603277258752,iraaprez,False,,"RT @Alex_28900: Pido perdón si alguna vez mi salud mental me hizo ser mal amigo, mala pareja o simplemente una mala persona.",si mi mental ser mal mala mala persona,si mi mental ser mal mala mala persona,2022-05-23 23:59:58+00:00,Twitter for Android,23404,0,0,0,[],['Alex_28900'],0.2,-0.1,Negative
1528888500007112704,1493701129108168709,cassou_isabel,False,,"RT @PMigoya: En Paz Descansé Cecilia Monzon.
Activista y abogada Poblana.
Mi más sentido pésame a sus familiares.
La violencia de morena ya…",en mi la de,en mi la de,2022-05-23 23:59:58+00:00,Twitter for iPhone,454,0,0,0,[],['PMigoya'],0.0,0.0,Neutral
1528888499923038208,1274231226,DaL0pz,False,Guatemala,"RT @ElJeringasLoko: Descansa un poco mi rey, te la rifaste estos días https://t.co/X7mvm3WWnJ",un poco mi te la,un poco mi te la,2022-05-23 23:59:58+00:00,Twitter for Android,2668,0,0,0,[],['ElJeringasLoko'],0.0,0.0,Neutral
1528888499771912193,2521487435,MauriBessone99,False,"Los Angeles, CA","Me gustaria tener una vida normal
Pero nada en mi vida es normal",normal en mi es normal,normal en mi e normal,2022-05-23 23:59:58+00:00,Twitter for Android,0,0,3,0,[],[],0.6499999999999999,0.15,Positive
1528888499755433985,1498163502489419778,Areyeh__,False,,"Para tu frío, mi corazón ardiente.",para tu mi,para tu mi,2022-05-23 23:59:58+00:00,Twitter for iPhone,0,0,0,0,[],[],0.0,0.0,Neutral
1528888499683807232,63163128,wjgriffin,False,United States,"RT @susanwiliam2022: The problem with Donald Trump in the White House was he showed just how inept and corrupt DC is.

They had to get rid…",problem trump white house inept corrupt get,problem trump white house inept corrupt get,2022-05-23 23:59:58+00:00,Twitter for Android,197,0,0,0,[],['susanwiliam2022'],0.5,-0.25,Negative
1528888499499585536,1005245137797242880,melanie91x,False,"Medellín, Colombia",me acabo de encontrar plata organizando mi pieza 🙏🏼🙏🏼🙏🏼🙏🏼🙏🏼,de mi,de mi,2022-05-23 23:59:58+00:00,Twitter for iPhone,0,1,3,0,[],[],0.0,0.0,Neutral
1528888499444674560,2981893535,elizad0409,False,,"RT @JesusE78: #ConFloresAMaria dia 23 de Mayo

En este día tan especial regalarte una ROSA quiero con aroma de mi corazón sincero y el alma…",de en tan especial con aroma de mi el,de en tan especial con aroma de mi el,2022-05-23 23:59:58+00:00,Twitter for Android,4,0,0,0,['ConFloresAMaria'],['JesusE78'],0.0,0.0,Neutral
1528888499394387968,1527436852151877633,stwooberries,False,"he  minor  filo
rcbyf ! no  prts
selective  fb
sb  2  unfollow",@Doyoungasauraus eto na mi,na mi,na mi,2022-05-23 23:59:58+00:00,Twitter for Android,0,1,1,0,[],['Doyoungasauraus'],0.0,0.0,Neutral
1528888499382124544,394807905,Nijadu2020,False,,"RT @MaoHolidayUK: Ya puse mi parte del acuerdo🗳
Lleve mi propio marcador y no me salí del recuadro 🤘😇🤘

Me llamo Mao Holiday, y hoy por pri…",ya mi mi mao holiday hoy,ya mi mi mao holiday hoy,2022-05-23 23:59:58+00:00,Twitter Web App,1046,0,0,0,[],['MaoHolidayUK'],0.0,0.0,Neutral
1528888499335749633,1210935478980972546,guadatorress_,False,"Buenos Aires, Argentina",A quién le entrego mi alma para volver a estar ahí? ☀️ en Pozones del Caleufu https://t.co/fx6jIHbfzC,mi alma para en,mi alma para en,2022-05-23 23:59:58+00:00,Instagram,0,0,0,0,[],[],0.0,0.0,Neutral
1528888499260252163,1417210058820231168,emiz50_uwu_bot,False,✨mi casa ✨,@SoftxDaniBOT_ @DumiOcho Mi yo de peque qwq https://t.co/CAJ8KpfAY7,mi yo de,mi yo de,2022-05-23 23:59:58+00:00,Twitter for Android,0,0,0,0,[],"['SoftxDaniBOT_', 'DumiOcho']",0.0,0.0,Neutral
1528888499251777538,1250180930851016710,kabiria12,False,,"io ci provo, ma mi conosce troppo bene https://t.co/su10VixOvn",io mi bene,io mi bene,2022-05-23 23:59:58+00:00,Twitter for iPhone,0,0,1,0,[],[],0.0,0.0,Neutral
1528888499146981377,1470367747766984706,cheraci,False,,espero que sean felices sin mí,sin,sin,2022-05-23 23:59:58+00:00,Twitter for Android,0,0,1,0,[],[],0.0,0.0,Neutral
1528888499033624576,378756304,Ab_Fco_Pesantez,False,"Guayas, Ecuador","He cumplido 40 años de ejercicio profesional.Graduado en la U. CATÓLICA Gquil;fui ayudante de cátedra del Dr H.Romero P, Pdte Asoc Estudiantes, profesor, dos veces miembro del. Directivo y hace poco done toda mi BIBLIOTECA a La CATÓLICA,incluida todas las enciclopedias. https://t.co/IpqgCdXW2r",de en la de dos poco done mi la las,de en la de do poco done mi la la,2022-05-23 23:59:58+00:00,Twitter for Android,0,1,8,0,[],[],0.0,0.0,Neutral
1528888498882678784,1398842289678659588,steinmiIa,False,,"hno veo tantas cosas de gente q se desmaya en los conciertos q me da PÁNICO, en el concierto de Justin y Coldplay me llevo mi inhalador, soy asmática y mira si m da un ataque me mato",de se en da en el de mi soy si da un,de se en da en el de mi soy si da un,2022-05-23 23:59:58+00:00,Twitter for Android,0,2,1,0,[],[],0.0,0.0,Neutral
1528888498853498882,1316471717989056512,LukasMa87825436,False,,A ver qué tuiteo mi novia mientras estoy de viaj .. https://t.co/HC371NoaGj,mi de,mi de,2022-05-23 23:59:58+00:00,Twitter Web App,0,0,0,0,[],[],0.0,0.0,Neutral
1528888498840686593,1292207358,Andres_Calteron,False,,@Kitty_Queen__ Mi crush😍,mi,mi,2022-05-23 23:59:58+00:00,Twitter for Android,0,0,1,0,[],['Kitty_Queen__'],0.0,0.0,Neutral
1528888498714861568,94214638,GonzaM91,False,,"Acabo de retar a mi mamá porque me mandó un audio de 4 minutos. Me sentí un poco mal, pero la gente mayor tmb debe aprender (?)",de mi un audio de un poco mal la mayor,de mi un audio de un poco mal la mayor,2022-05-23 23:59:58+00:00,Twitter for Android,0,4,3,0,[],[],0.0,0.0,Neutral
1528888498547302400,1251535411702386690,stefgonzamira,False,,"mi estrés se está reflejando en falta de apetito, ojeras y en las ganas que tengo de llorar todo el perro día",mi se en de en las de el,mi se en de en la de el,2022-05-23 23:59:58+00:00,Twitter for iPhone,0,0,0,0,[],[],0.0,0.0,Neutral
1528888498538926080,1497692921059069962,SaynoBelen,False,,RT @michis20_: mi única red flag es q quiero q toda su atención sea para mi,mi red flag es sea para mi,mi red flag e sea para mi,2022-05-23 23:59:58+00:00,Twitter for Android,7029,0,0,0,[],['michis20_'],0.0,0.0,Neutral
1528888498534891520,1367481149891743748,cabreraamoi,False,,"RT @Alex_28900: Pido perdón si alguna vez mi salud mental me hizo ser mal amigo, mala pareja o simplemente una mala persona.",si mi mental ser mal mala mala persona,si mi mental ser mal mala mala persona,2022-05-23 23:59:58+00:00,Twitter for iPhone,23404,0,0,0,[],['Alex_28900'],0.2,-0.1,Negative
1528888498366734338,135877981,estigarribia_vm,False,"Asunción, Paraguay ",Increíble como Luqueño puede influir en mi estado de ánimo 🤬,en mi estado de,en mi estado de,2022-05-23 23:59:58+00:00,Twitter for iPhone,0,0,0,0,[],[],0.0,0.0,Neutral
1528888497938935808,1518660197195128832,hasanYildizz16,False,,"RT @0xc06: 🎁 GIVEAWAY ~ @XkartR

🎉 1 #AVAX to 1 winner!

🪂 To enter ;
- Follow: @XkartR &amp; @0xc06
- Join DC: https://t.co/SpSEGInHMF
- Like…",giveaway winner enter follow join,giveaway winner enter follow join,2022-05-23 23:59:57+00:00,Twitter for Android,348,0,0,0,['AVAX'],"['0xc06', 'XkartR', 'XkartR', '0xc06']",0.0,0.0,Neutral
1528888497871810560,1141541224136028160,FenixCamz,False,Jotolandia,"RT @Alex_28900: Pido perdón si alguna vez mi salud mental me hizo ser mal amigo, mala pareja o simplemente una mala persona.",si mi mental ser mal mala mala persona,si mi mental ser mal mala mala persona,2022-05-23 23:59:57+00:00,Twitter for Android,23404,0,0,0,[],['Alex_28900'],0.2,-0.1,Negative
1528888497654099968,1408812647567572995,_60Arzu_,False,t.me/ErdemlilerHarekati,"RT @MYilmazer_: Mansur Yavaş geçmiş dönemde yolsuzluk yaptı diye soruşturma açtığı üç ismi soruşturma bitmeden daire başkanı yaptı.
➡️Sayın…",,,2022-05-23 23:59:57+00:00,Twitter for Android,530,0,0,0,[],['MYilmazer_'],0.0,0.0,Neutral
1528888497603756033,2332242566,AmadeusJhon,False, ,"RT @RACerrada: Le entregué mis mejores 10 años a la lucha contra la tiranía y el comunismo en Venezuela.

Me vine a Colombia a ""probar suer…",la contra la el en vine,la contra la el en vine,2022-05-23 23:59:57+00:00,Twitter for Android,91,0,0,0,[],['RACerrada'],0.0,0.0,Neutral
1528888497582624769,866500849715089409,OscarAlvaradoA,False,Costa Rica,"RT @SiendoLuz25: Crea en mí un corazón limpio, Dios, y renueva la rectitud de mi espíritu. 

Salmos 51:10",crea en un la de mi,crea en un la de mi,2022-05-23 23:59:57+00:00,Twitter for Android,221,0,0,0,[],['SiendoLuz25'],0.0,0.0,Neutral
1528888497406353409,81015459,caruloval,False,"Manizales, Colombia","RT @rogo031975: Pregunta a los conocedores o no sé si es desinformación, pero mi pregunta es. Ya se puede saber cómo van las votaciones en…",si es mi es ya se saber van las,si e mi e ya se saber van la,2022-05-23 23:59:57+00:00,Twitter for iPhone,25,0,0,0,[],['rogo031975'],0.0,0.0,Neutral
1528888497276391424,4822783349,Javimaister5,False,"Vigo, España","@fearlesstrying Tranquila chica a mi me paso algo parecido hace tiempo y se sale, ahora quizás lo ves todo oscurisimo pero verás verás un tiempo que bien vas a estar, cuando se cierra una puerta se abre 2",mi se sale lo un bien vas se se,mi se sale lo un bien va se se,2022-05-23 23:59:57+00:00,Twitter for Android,0,0,0,0,[],['fearlesstrying'],0.0,0.0,Neutral
1528888497251098624,170015948,husi076,False,,RT @petrogustavo: Será mi invitada de honor en la posesión presidencial. La dignidad del pueblo trabajador debe ser aplaudida y respetada.,mi de honor en la la pueblo ser,mi de honor en la la pueblo ser,2022-05-23 23:59:57+00:00,Twitter for Android,9062,0,0,0,[],['petrogustavo'],0.0,0.0,Neutral
1528888497100115968,1259275037179359232,Milegodoy16,False,,"RT @juliiguerrero03: q ganas de presumir a un pibe, tipo ACÁ CON MÍ WACHOOO COMIENDO PASTEL DE PAPA",de un con pastel de papa,de un con pastel de papa,2022-05-23 23:59:57+00:00,Twitter for Android,4427,0,0,0,[],['juliiguerrero03'],0.0,0.0,Neutral
1528888497095966721,1244450539078848512,Vaal2935,False,,"RT @moshyd1: Pido cadena de oración para el es mi sobrino, su nombre es Steven Alonso https://t.co/A2Oiazrdvq",de para el es mi es steven,de para el e mi e steven,2022-05-23 23:59:57+00:00,Twitter for Android,15,0,0,0,[],['moshyd1'],0.0,0.0,Neutral
1528888496986808320,1525809386240851972,sancakbey23,False,"Elazığ, Türkiye","RT @BekirTiryakii: Diyarbakır'da bir pazarcı ucuza ürün satıyor.
Sen misin ucuz ürün satan diyen pazarın dernek yetkilisi;
""Asgari ücret 4.…",sen satan,sen satan,2022-05-23 23:59:57+00:00,Twitter for Android,867,0,0,0,[],['BekirTiryakii'],0.0,0.0,Neutral
1528888496915681283,736138141,legzmn,False,,"RT @BrendaCrabtreeR: Mi expasante, está haciendo su 1er año de la especialidad en medicina interna en un Hospital General de Zona (HGZ) en…",mi er de la en en un hospital general de,mi er de la en en un hospital general de,2022-05-23 23:59:57+00:00,Twitter for Android,3217,0,0,0,[],['BrendaCrabtreeR'],0.5,0.05000000000000002,Positive
1528888496848793600,855457255,RocoPamela,False,"La Serena, Chile","RT @roxanaleonarias: @ViIIafranca Tener un hijo no es estar entregada a él. El error de muchas madres, dejar de vivir, para vivir por sus h…",un es el error de de para,un e el error de de para,2022-05-23 23:59:57+00:00,Twitter for Android,4,0,0,0,[],"['roxanaleonarias', 'ViIIafranca']",0.0,0.0,Neutral
1528888496756097025,1463859816078655490,Luucianita_,False,,Me levanto de la siesta y veo a mí mamá escuchando GUSTY DJ JAJSJSJA cada día me sorprende más esa mujer,de la siesta gusty,de la siesta gusty,2022-05-23 23:59:57+00:00,Twitter for Android,0,0,3,0,[],[],0.0,0.0,Neutral
1528888496726810624,257787373,danie_1204,False,"Lima, Peru",Yo planeando mi semana con anticipación me hace sentir una señora,yo mi con,yo mi con,2022-05-23 23:59:57+00:00,Twitter for iPhone,0,0,1,0,[],[],0.0,0.0,Neutral
1528888496563228672,334784654,1danielddlr,False,,"@_mamr005 No puedo hacer na llevate de mi, pero se le agradece",na de mi se,na de mi se,2022-05-23 23:59:57+00:00,Twitter for iPhone,0,1,0,0,[],['_mamr005'],0.0,0.0,Neutral
1528888496525836288,313464695,RezaVeronica,False,Mexico,"RT @STaboadaMx: Mi respaldo al alcalde @mauriciotabe por los ataques y difamaciones que está recibiendo. Morena, de nuevo, manipula con not…",mi al alcalde de con,mi al alcalde de con,2022-05-23 23:59:57+00:00,Twitter for Android,135,0,0,0,[],"['STaboadaMx', 'mauriciotabe']",0.0,0.0,Neutral
1528888496525479936,1257365967098667008,bigwins_kgym,False,Bicol Region,"RT @YnahGives: (rr) $70 GIVEAWAY

— RT , LIKE + Follow me 🔔",giveaway like follow,giveaway like follow,2022-05-23 23:59:57+00:00,Twitter for Android,3821,0,0,0,[],['YnahGives'],0.0,0.0,Neutral
1528888496471306240,1380843200970022918,Carlos18956177,False,"Veracruz, Veracruz de Ignacio ","RT @Javii_Jhe: Buenos días ☀️ que ganas de coger amanecí hoy 😏 Ve a mi OnlyFans para que me veas venir muchas veces 😈

https://t.co/YRjodgU…",de hoy mi para,de hoy mi para,2022-05-23 23:59:57+00:00,Twitter for Android,231,0,0,0,[],['Javii_Jhe'],0.0,0.0,Neutral
1528888496307548160,1482183971136016386,CarlosJ21947420,False,,RT @AndreaPardo001: Quieres ser mi pokémon ?❤️ https://t.co/IaZoQhwCHX,ser mi,ser mi,2022-05-23 23:59:57+00:00,Twitter Web App,1091,0,0,0,[],['AndreaPardo001'],0.0,0.0,Neutral
1528888496156721153,1438308332356448256,8Rwn89UEDVL7qo1,False,,RT @Soderodotado1: Cogiedome una embarazada ! No te pierdas como le queda la concha llena de leche ! Le doy fuerte para que no se olvide de…,te la concha de fuerte para se,te la concha de fuerte para se,2022-05-23 23:59:57+00:00,Twitter for Android,421,0,0,0,[],['Soderodotado1'],0.0,0.0,Neutral
1528888496139673600,4827577173,dianegv729,False,"Santa Fe, Argentina","le comenté a mi vieja unas cosas que tenía en mente para comprar y ¿adivinen qué? cayó con una super cajita. no, si la mejor la tengo yo 🥺🤍",mi en para con super si la la yo,mi en para con super si la la yo,2022-05-23 23:59:57+00:00,Twitter for Android,0,0,1,0,[],[],0.6666666666666666,0.3333333333333333,Positive
1528888496039026692,379357479,ABRUFONTANET,False,Argentina,RT @animatriangolo: Grabando el mejor disco de mi vida. https://t.co/qRGiY9tDWu,el de mi,el de mi,2022-05-23 23:59:57+00:00,Twitter for iPhone,5,0,0,0,[],['animatriangolo'],0.0,0.0,Neutral
1528888495955005440,602520693,rayssageorge,False,REPUBLICA DOMINICANA,"RT @rayssageorge: @Jeancar86062476 @Luis90542963 Por mi Luis ABINADER y su pandilla se puede robar lo que queda del país

Queda poco 😂😂😂

P…",mi se lo poco,mi se lo poco,2022-05-23 23:59:57+00:00,Twitter for Android,2,0,0,0,[],"['rayssageorge', 'Jeancar86062476', 'Luis90542963']",0.0,0.0,Neutral
1528888495929958407,151984029,danny_Go21,False,"Metepec, México","RT @alan_estrada: Mi teoría de que la gente que más espiritualidad, luz, amor a Dios y conexión galáctica presume es la que más 💩 tiene en…",mi de la amor presume es la,mi de la amor presume e la,2022-05-23 23:59:57+00:00,Twitter for iPhone,1886,0,0,0,[],['alan_estrada'],0.0,0.0,Neutral
1528888495867142145,339930623,Moni_Alban,False,Guayaquil-Ecuador ,Jamás me cansare de decir que tengo a personas realmente maravillosas a mi alrededor ✨,de mi,de mi,2022-05-23 23:59:57+00:00,Twitter for iPhone,0,2,0,0,[],[],0.0,0.0,Neutral
1528888495816646656,375510313,gloryawinner_,False,"Karawang, Jawa Barat",@ladyincrypto @musicsmart_ DC:PakHoki https://t.co/rMBr1mHom3,,,2022-05-23 23:59:57+00:00,Twitter for Android,0,0,0,0,[],"['ladyincrypto', 'musicsmart_']",0.0,0.0,Neutral
1528888495753797634,1461017400678273038,YHB35,False,,@MilanPortal Yo seguire con mi Gattuso de la suerte en mi foto de portada,yo con mi de la en mi de,yo con mi de la en mi de,2022-05-23 23:59:57+00:00,Twitter Web App,0,0,1,0,[],['MilanPortal'],0.0,0.0,Neutral
1528888495686578177,1179355186621566978,Gatoloco24furry,False,,"RT @TvDannyZ: Mi Odalia no es Homofobica
Será racista, clasista, traidora, una terrible esposa, manipuladora, madre abusiva y controladora.…",mi es terrible,mi e terrible,2022-05-23 23:59:57+00:00,Twitter for Android,55,0,0,0,[],['TvDannyZ'],1.0,-1.0,Negative
1528888495422308352,1392224755722379266,lvsyoonmin,False,en la casa de harry,ya me llegó mi pedido de wish nunca antes me había llegado tan rápido,ya mi de wish antes tan,ya mi de wish ante tan,2022-05-23 23:59:57+00:00,Twitter for Android,0,0,0,0,[],[],0.0,0.0,Neutral
1528888495414050818,1255719703806435330,zZzjsun,False,16! he/she. 🐈💨 infp-t.,m voy a rajar el cuello con los hilos de la maquina de coser de mi abuela https://t.co/HWqR8QI4sO,el con de la de de mi,el con de la de de mi,2022-05-23 23:59:57+00:00,Twitter for Android,0,1,0,0,[],[],0.0,0.0,Neutral
1528888495376171008,1315875784746323968,dicks345,False,,"RT @DivorciadoBiMty: Traia ganas de probar una verga por primera vez y mi compa del uber me hizo el paro, aqui va la primera parte, el cabr…",de mi el la el,de mi el la el,2022-05-23 23:59:57+00:00,Twitter for Android,746,0,0,0,[],['DivorciadoBiMty'],0.0,0.0,Neutral
1528888495326089216,1506445830298894339,heteros1996,False,México,"RT @DivorciadoBiMty: Traia ganas de probar una verga por primera vez y mi compa del uber me hizo el paro, aqui va la primera parte, el cabr…",de mi el la el,de mi el la el,2022-05-23 23:59:57+00:00,Twitter for Android,746,0,0,0,[],['DivorciadoBiMty'],0.0,0.0,Neutral
1528888495300915200,2218558580,ghjessy_,False,One Direction,mi canción,mi,mi,2022-05-23 23:59:57+00:00,Twitter for Android,0,1,0,0,[],[],0.0,0.0,Neutral
1528888495250497542,1478384083390676993,Luana_almada2,False,,"RT @Tatyalegre9: Todos en parejas re enamorados, dale cupido loco cuando me toca a mí 😫",en dale loco,en dale loco,2022-05-23 23:59:57+00:00,Twitter for Android,29,0,0,0,[],['Tatyalegre9'],0.0,0.0,Neutral
1528888495153946624,1166001104360026112,Alejand56432192,False,"Mendoza, Argentina",RT @fernndez_cami: Necesitaba gente nueva en mi vida y más salidas como la del sábado,en mi la,en mi la,2022-05-23 23:59:57+00:00,Twitter for Android,1,0,0,0,[],['fernndez_cami'],0.0,0.0,Neutral
1528888494793314309,50532607,SneakyVoyeur,False,,@Copo_72 @Knowledge4Tony Then route for the Carolina Panthers not the WASHINGTON Commanders. The team belongs on DC. Not bumfuck VA. I despise this owner.,route team despise owner,route team despise owner,2022-05-23 23:59:57+00:00,Twitter for iPhone,0,1,0,0,[],"['Copo_72', 'Knowledge4Tony']",0.0,0.0,Neutral
1528888494696841222,2516293296,floorparedes96,False,,"RT @NicoBarreto031: Bueno paso a contar por aca lo que paso el sabado en el bar ""Hammer"" en san martin,llegamos aprox 1 am,nuestra intenció…",lo el en el bar hammer en san martin,lo el en el bar hammer en san martin,2022-05-23 23:59:57+00:00,Twitter for Android,198,0,0,0,[],['NicoBarreto031'],0.0,0.0,Neutral
1528888494591905792,1149729201508868097,arrapak2,False,🌇,"میرے دستِ تمنا پر---- تیرے ہاتھ کا ہونا
بڑے حاسد بنائے گا بہت  سے  دل جلائے گا
RR",,,2022-05-23 23:59:57+00:00,Twitter for Android,1,0,1,0,[],[],0.0,0.0,Neutral
1528888494524772353,1244844761829322753,swimmingntears,False,,RT @deIinearte: Tengo ganas de recibir besos en el cuello y sentir cómo acarician mi cintura y espalda mientras estoy sentado sobre el rega…,de en el mi el,de en el mi el,2022-05-23 23:59:57+00:00,Twitter for Android,25,0,0,0,[],['deIinearte'],0.0,0.0,Neutral
1528888494436888579,3012824299,iMoha94__,False,Bahrain,RT @cIaudtihan: que quieres de mi? https://t.co/tomLeeeORJ,de mi,de mi,2022-05-23 23:59:57+00:00,Twitter for iPhone,19,0,0,0,[],['cIaudtihan'],0.0,0.0,Neutral
1528888494311018497,1352281375861256198,PacoUDS_23,False,España 🇪🇸,"RT @robertovelascom: Pues ya soy dueño de @UnionistasCF por 5 años más. 
Nunca pensé que el pedir aquel carnet por correo de 20 euros llega…",ya soy de el de,ya soy de el de,2022-05-23 23:59:57+00:00,Twitter for Android,13,0,0,0,[],"['robertovelascom', 'UnionistasCF']",0.0,0.0,Neutral
1528888494168285184,1277060714914557953,blackkitty026,False,konoha,Quiero alguien que se atreva y me quiera a mi:(,se mi,se mi,2022-05-23 23:59:57+00:00,Twitter for iPhone,0,0,1,0,[],[],0.0,0.0,Neutral
1528888493975412736,227107747,toni093,False,Oran - Salta - Argentina,"RT @milipioletti: Quiero dejar asentado un aprendizaje que llegó a mi cerebro demasiado tarde: no hay que contar todo, ni compartirse tanto…",un mi hay ni,un mi hay ni,2022-05-23 23:59:56+00:00,Twitter for Android,6526,0,0,0,[],['milipioletti'],0.0,0.0,Neutral
1528888493937528832,1367408716828577796,MirAfag,False,,"@babbavanga Baba Vanga çok uzun zaman önce vefat etti. Vefatından sonra kehanetlerini okumuştum.Bir kere, yıl-yıl ayrıntılı bir kehaneti yoktu.Şu an kardeşi mi ne çıkıp bir şeyler anlatıyor.2020 sonunda Baba Vanga virüs fl. bilmişti dedi.2021'de ne olacak diye sordular, sonra anlatırım dedi)",baba zaman mi ne baba ne,baba zaman mi ne baba ne,2022-05-23 23:59:56+00:00,Twitter Web App,0,1,0,0,[],['babbavanga'],0.0,0.0,Neutral
1528888493807652867,1117844300270845952,lakrrra,False,Argentina,"Buscando entre mis cosas sin querer había un perfilador con la cuchilla descubierta, mi dedo masacrado es el triunfo de todos los días.",sin un con la mi dedo es el de,sin un con la mi dedo e el de,2022-05-23 23:59:56+00:00,Twitter for Android,0,0,0,0,[],[],0.0,0.0,Neutral
1528888493404848128,1311696211947249676,cualmarr,False,"Neuquén, Argentina",quiero verlo conmigo hasta el dia de mi funeral,hasta el de mi funeral,hasta el de mi funeral,2022-05-23 23:59:56+00:00,Twitter Web App,0,0,0,0,[],[],0.0,0.0,Neutral
1528888493300391936,1500035646466912261,etapisciumWIN,False,Jaengels Haruharu's Precious ,@dogespromote DC: BunnyHoney#3564 https://t.co/1UzdsrOAO2,,,2022-05-23 23:59:56+00:00,Twitter for Android,0,0,0,0,['3564'],['dogespromote'],0.0,0.0,Neutral
1528888493233287168,1252765116283727872,_arisbeth07,False,"Maracay, Venezuela",Te quiero en mayúsculas pero no quiero perder mi vida,te en mi,te en mi,2022-05-23 23:59:56+00:00,Twitter for Android,0,0,1,0,[],[],0.0,0.0,Neutral
1528888493128110080,1445696957230374913,xaleksza,False,,"RT @liltejcsi: betakarlak este kicsim, hogyha kicsit fazol
lefestem a mi mesenket, betelik a vaszon",mi,mi,2022-05-23 23:59:56+00:00,Twitter for Android,3,0,0,0,[],['liltejcsi'],0.0,0.0,Neutral
1528888492935155713,1223295238929776645,TeranUrresti,False,,@NicoTejerinaR @jarek_tello Has dicho todo lo que quería expresar mi hermano. 💪,lo mi,lo mi,2022-05-23 23:59:56+00:00,Twitter for iPhone,0,0,2,0,[],"['NicoTejerinaR', 'jarek_tello']",0.0,0.0,Neutral
1528888492792483840,33042791,nadhjiia,False,,RT @PaulSperry30: BREAKING: Federal election records reveal the DC district judge -- Casey Cooper -- hearing the trial of Democrat superlaw…,breaking federal election reveal district judge cooper hearing trial democrat,breaking federal election reveal district judge cooper hearing trial democrat,2022-05-23 23:59:56+00:00,Twitter for Android,4887,0,0,0,[],['PaulSperry30'],0.0,0.0,Neutral
1528888492725776384,4901976070,lalixarii,False,en un show de lali,"RT @Geminiana53: No llegue a comprar las entradas para @lalioficial en el luna ni en el movistar, ayer me entero que viene a la plata y mi…",las para en el luna ni en el la,la para en el luna ni en el la,2022-05-23 23:59:56+00:00,Twitter for Android,13,0,0,0,[],"['Geminiana53', 'lalioficial']",0.0,0.0,Neutral
1528888492532670464,3406055027,darIingespos,False,,RT @solemiranda_: lali esposito sos la mujer de mi vida,la de mi,la de mi,2022-05-23 23:59:56+00:00,Twitter for iPhone,153,0,0,0,[],['solemiranda_'],0.0,0.0,Neutral
1528888491857575936,817927406,lalpireze,False,Aca ve 👀,"@othmancgrstones @mmendoza_GT @LineasFrescas No, es doña Tily,  la señora de las líneas frescas es la ex ministra.",es la de las es la ex,e la de la e la ex,2022-05-23 23:59:56+00:00,Twitter for iPhone,0,2,3,0,[],"['othmancgrstones', 'mmendoza_GT', 'LineasFrescas']",0.0,0.0,Neutral
1528888491672731648,1524350877670297602,Yvosque__,False,,"La única razón por la que estaría de novia sería para pagar el alquiler a medias, no soporto mas mi casa.",la la de para el mas mi,la la de para el ma mi,2022-05-23 23:59:56+00:00,Twitter for iPhone,0,0,1,0,[],[],0.0,0.0,Neutral
1528888491588743168,1228468540983955457,matt19112,False,,@todonoticias A mi me parece imposible tener el gobierno que tenemos. Hay que cambiar estos animales por alguien decente,mi el hay,mi el hay,2022-05-23 23:59:56+00:00,Twitter for Android,0,0,1,0,[],['todonoticias'],0.0,0.0,Neutral
1528888491433934848,1341711937823002624,MaikaOnlyfans,False,,"RT @Spursito: Sorteo 2 entradas para venir a ver ganar a Carola en La Velada del Año II de Ibai.

Solo dale RT

Sortearé más en mi canal de…",para en la de solo dale en mi canal,para en la de solo dale en mi canal,2022-05-23 23:59:56+00:00,Twitter for iPhone,16459,0,0,0,[],['Spursito'],0.0,0.0,Neutral
1528888491253583872,1247306974229942273,dianaxf1299,False,,"RT @Laura952004: Busco trabajo para mi pareja, como chofer( colectivero) registro profesional, mas de 20 años de experiencia. Si saben de a…",para mi mas de de si de,para mi ma de de si de,2022-05-23 23:59:56+00:00,Twitter for Android,73,0,0,0,[],['Laura952004'],0.0,0.0,Neutral
1528888491173564416,1446062546524327938,allnightlongyaa,False,,"RT @suhpremacist_: 6. emang tukang makan kan mi? ngaku aja, jatah anaknya sampe dihajar juga https://t.co/MDcfQ6TZOe",kan mi,kan mi,2022-05-23 23:59:56+00:00,Twitter Web App,6,0,0,0,[],['suhpremacist_'],0.0,0.0,Neutral
1528888490934640641,97550403,hofftechpolicy,False,"Washington, DC","RT @JedBracy: NEWS: Washington, DC's attorney general is suing Mark Zuckerberg for FB's ""misleading privacy practices and failure to protec…",news attorney general suing mark misleading privacy failure,news attorney general suing mark misleading privacy failure,2022-05-23 23:59:56+00:00,Twitter for iPhone,3,0,0,0,[],['JedBracy'],0.4,-0.13333333333333336,Negative
1528888490838339584,1189036674925387776,juliiamato,False,,"RT @juliiguerrero03: q ganas de presumir a un pibe, tipo ACÁ CON MÍ WACHOOO COMIENDO PASTEL DE PAPA",de un con pastel de papa,de un con pastel de papa,2022-05-23 23:59:56+00:00,Twitter for Android,4428,0,0,0,[],['juliiguerrero03'],0.0,0.0,Neutral
1528888490577891329,2315474749,hopevause,False,Alicante,RT @justinisglory: justin bieber siempre serás el amor de mi vida https://t.co/jtJxhbZvH0,el amor de mi,el amor de mi,2022-05-23 23:59:56+00:00,Twitter for Android,1195,0,0,0,[],['justinisglory'],0.0,0.0,Neutral
1528888490376798208,1330874773300256768,Deniz15432803,False,🇲🇳 ,@PrensLoulou gerçekten bölme sevdaları bitmedi adamların. zorla radikalleşelim mi?,mi,mi,2022-05-23 23:59:56+00:00,Twitter Web App,0,1,0,0,[],['PrensLoulou'],0.0,0.0,Neutral
1528888490137731072,1497918933441130498,Charles009050,False,"Lagos, Nigeria","RT @RadioShack: RS Pro Compact Digital Multimeters, featuring over-sized backlit LCD displays!

• Measure AC/DC voltage &amp; current, resistan…",pro compact digital measure voltage current,pro compact digital measure voltage current,2022-05-23 23:59:56+00:00,Twitter for Android,17,0,0,0,[],['RadioShack'],0.2,0.0,Neutral
1528888489789509634,923760700652249088,ulin_landero,False,Cancun,"RT @MaraLezama: Acompañada de mi amigo @m_ebrard, nos reunimos con el sector empresarial. Compartimos los planes que junto con el gobierno…",de mi con el sector junto con el,de mi con el sector junto con el,2022-05-23 23:59:55+00:00,Twitter for Android,89,0,0,0,[],"['MaraLezama', 'm_ebrard']",0.0,0.0,Neutral
1528888489579642881,2872872958,_Marco2808,False,,"RT @lastregaamelie: Questo bigliettino mi fu scritto da mia mamma il 6 gennaio quando, dopo 2 settimane insieme, dovetti salutarla per torn…",mi fu da mamma per,mi fu da mamma per,2022-05-23 23:59:55+00:00,Twitter for iPhone,96,0,0,0,[],['lastregaamelie'],0.0,0.0,Neutral
1528888489533755393,1175556931,Jescuderod,False,,"RT @Spursito: Sorteo 2 entradas para venir a ver ganar a Carola en La Velada del Año II de Ibai.

Solo dale RT

Sortearé más en mi canal de…",para en la de solo dale en mi canal,para en la de solo dale en mi canal,2022-05-23 23:59:55+00:00,Twitter for Android,16459,0,0,0,[],['Spursito'],0.0,0.0,Neutral
1528888489496186880,1355482390601281538,danielbuenoc28,False,"Santa Cruz de Tenerife, Spain","RT @ellarguero: ‼️ ""Me hubiera gustado seguir en el @Atleti""

😯 ""Me comunicó que me iba el director de comunicación un día antes de mi desp…",en el iba el director de un antes de mi,en el iba el director de un ante de mi,2022-05-23 23:59:55+00:00,Twitter for iPhone,195,0,0,0,[],"['ellarguero', 'Atleti']",0.0,0.0,Neutral
1528888489474859008,785309198141820928,thiagocarcamoo_,False,,RT @_DavidMqv_: A mi si mándame fotos d todo lo que haces y mil tiktoks,mi si lo mil,mi si lo mil,2022-05-23 23:59:55+00:00,Twitter for Android,4737,0,0,0,[],['_DavidMqv_'],0.0,0.0,Neutral
1528888489332178944,1410495634688380928,Chaqito28,False,"Buenos Aires, Argentina",@Agustinaarecoo Mi amorrr❤❤,mi,mi,2022-05-23 23:59:55+00:00,Twitter for Android,0,0,0,0,[],['Agustinaarecoo'],0.0,0.0,Neutral
1528888489315643396,144222745,SterlingLara,False,"Santo Domingo, R.D.",Mi primer proyecto y con uno de mis mejores amigos. Vamo’ arriba’ proconde recién comienza 🔥 @DiegoSantosT https://t.co/7ichSCz38E,mi primer con de arriba,mi primer con de arriba,2022-05-23 23:59:55+00:00,Twitter for iPhone,0,2,5,1,[],['DiegoSantosT'],0.0,0.0,Neutral
1528888489055756288,1519061821449285632,Olentzzeroo,False,,@Fum4tr0n A mí una por desearle a Almeida una ejecución pública como a lo ministros corruptos de china...a ver si Musk compra Twitter y nos da un poco de cancha,lo de china si musk twitter da un poco de,lo de china si musk twitter da un poco de,2022-05-23 23:59:55+00:00,Twitter for Android,0,0,0,0,[],['Fum4tr0n'],0.0,0.0,Neutral
1528888488812158976,1404189658477641730,LEknow_Mivaron,False,,yo llegando a mi escuela toda triste y mis compañeras alegrandome el día amo,yo mi el,yo mi el,2022-05-23 23:59:55+00:00,Twitter for Android,0,0,0,0,[],[],0.0,0.0,Neutral
1528888488707231744,1023623148829331456,LuzCampuzano12,False,"Central, Paraguay",RT @guaddiverde: mi solucion a todo es dormir,mi es,mi e,2022-05-23 23:59:55+00:00,Twitter for iPhone,2649,0,0,0,[],['guaddiverde'],0.0,0.0,Neutral
1528888488611160064,1354945962565898245,VentulaB,False,,"@futebol_info @jorgenicola Enquanto isso o Cheirinho quer contrata Andreias Peleira Ifood por 1.500 mi mensal e o idoso Vidal por 2 mi mensal. Depois vão xingar o DM
🤣🤣🤣🤣🤣🤣",mi mensal mi mensal,mi mensal mi mensal,2022-05-23 23:59:55+00:00,Twitter Web App,0,0,0,0,[],"['futebol_info', 'jorgenicola']",0.0,0.0,Neutral
1528888488506040320,1075256095466246144,DaveYoog,False,,"RT @ooopsfranky: Round 1! 

Desde que vi el cuerpazo de @07Scort no aguante las ganas de invitarlo a mi casa a que me preñara 🤤!

JFF:https…",round el de las de mi,round el de la de mi,2022-05-23 23:59:55+00:00,Twitter for Android,561,0,0,0,[],"['ooopsfranky', '07Scort']",0.4,-0.2,Negative
1528888488481144832,1378820565708996618,julii_ruarte,False,,La confianza q manejo con mi mamá &gt;&gt;&gt;&gt;&gt;❤️❤️❤️,la con mi,la con mi,2022-05-23 23:59:55+00:00,Twitter for iPhone,1,0,3,0,[],[],0.0,0.0,Neutral
1528888488451612673,1178005734824579073,z_etnico,False,"La Calera, Argentina",RT @valenfelicia03: ya discutí con mi cabeza como 5 veces en lo que va del dia,ya con mi en lo,ya con mi en lo,2022-05-23 23:59:55+00:00,Twitter for Android,2,0,0,0,[],['valenfelicia03'],0.0,0.0,Neutral
1528888488309014529,1346842005385711616,Follotodo1,False,,"RT @lanacarolina01: Amor me quisieras tener en tu cama hoy??😋🤤

Información de mi contenido al dm https://t.co/dbv2oTvo2q",amor en tu hoy de mi al,amor en tu hoy de mi al,2022-05-23 23:59:55+00:00,Twitter Web App,503,0,0,0,[],['lanacarolina01'],0.0,0.0,Neutral
1528888488308920320,2801637756,1dilanaydogan,False,"Antalya, Türkiye",Herşey düzelir mi dersin bir gün,mi,mi,2022-05-23 23:59:55+00:00,Twitter for Android,0,0,0,0,[],[],0.0,0.0,Neutral
1528888488275415040,1068982710159532033,maddiem10125980,False,"Middleburg Heights, OH","RT @serpentinevencm: Sιᥒgᥣᥱ Or Not

→ Lιkᥱ If Yoᥙ Woᥙᥣd Fᥙᥴk Mᥱ

→ RT If Yoᥙ Woᥙᥣd Dᥲtᥱ

→ Lιkᥱ &amp; RT If Yoᥙ Woᥙᥣd Mᥲrrყ Mᥱ

Post If Yoᥙ'rᥱ…",post,post,2022-05-23 23:59:55+00:00,Twitter for iPad,4,0,0,0,[],['serpentinevencm'],0.0,0.0,Neutral
1528888488183189505,344138329,SergioGuzmanE,False,"Bogotá, D.C., Colombia","RT @DanielSamperO: Y así fue como mi amiga @CathyJuvinao terminó haciendo política hombro a hombro al lado de  @JulianBedoyaL17...

La polí…",mi al de la,mi al de la,2022-05-23 23:59:55+00:00,Twitter for Android,680,0,0,0,[],"['DanielSamperO', 'CathyJuvinao', 'JulianBedoyaL17']",0.0,0.0,Neutral
1528888487797133313,1410386056214614016,KevynBlanco4,False,,"RT @Dimitrsimonit: Se la estaba chupando a un amigo mientras mi mejor amigo se bañaba, me llenaron dota la boquita de leche 🔥

With @_Akaco…",se la un mi se la de,se la un mi se la de,2022-05-23 23:59:55+00:00,Twitter for Android,1625,0,0,0,[],"['Dimitrsimonit', '_Akaco']",0.0,0.0,Neutral
1528888487503704065,4020756441,Vanessaarias11_,False,"Bogotá, D.C., Colombia","Últimamente estoy viendo mucho 11:11, que quieres de mi universo? JAJA",de mi,de mi,2022-05-23 23:59:55+00:00,Twitter for iPhone,0,0,0,0,[],[],0.0,0.0,Neutral
1528888487235051521,1105893260411596800,KarlaNogales18,False,,"RT @Samadhiluprinci: Si quieres saber todo sobre mi ,fechas,zonas,fotos,promos etc
👇https://t.co/CxT97tgDPZ https://t.co/VvsRfSS7J2",si saber mi,si saber mi,2022-05-23 23:59:55+00:00,Twitter for iPhone,254,0,0,0,[],['Samadhiluprinci'],0.0,0.0,Neutral
1528888487218294784,164167150,rubenvaldez3,False,Cd Juárez,"RT @NayeliM87775353: @lopezobrador_ requiero su apoyo urgente como defensora de derechos humanos, estoy siendo extorsionada por la delincue…",de la,de la,2022-05-23 23:59:55+00:00,Twitter Web App,4218,0,0,0,[],"['NayeliM87775353', 'lopezobrador_']",0.0,0.0,Neutral
1528888487105425408,1140712318239727617,primaveraag,False,,"Alma mía, mi alma",alma mi alma,alma mi alma,2022-05-23 23:59:55+00:00,Twitter for iPhone,0,0,0,0,[],[],0.0,0.0,Neutral
1528888487096745989,1477368057165193226,meryemc1461,False,,@Nefes528 @gulsen_evrim @iflasocin Kıyamam cevap bulamadın mı çen 🤣 kendi cevabının altında mı ezildin çen 🤣🤣🤣,,,2022-05-23 23:59:55+00:00,Twitter for iPhone,0,0,0,0,[],"['Nefes528', 'gulsen_evrim', 'iflasocin']",0.0,0.0,Neutral
1528888487088226304,1465353425227550724,aarongz1996,False,"Caracas, venezuela",RT @DrSheila69: Estoy en una duda existencial mis amores mi tío me dice que me veo mejor depiladita de mi vagina y mi maestro dice que pref…,en mi dice de mi vagina mi maestro dice,en mi dice de mi vagina mi maestro dice,2022-05-23 23:59:55+00:00,Twitter Web App,557,0,0,0,[],['DrSheila69'],0.0,0.0,Neutral
1528888486903681024,1271200828926439428,Damharis3,False,"Chihuahua, México",Claro que mi papá me tiene que pagar la terapia… por su culpa tengo daddy issues que tratar,claro mi la culpa daddy,claro mi la culpa daddy,2022-05-23 23:59:55+00:00,Twitter for iPhone,0,0,4,0,[],[],0.0,0.0,Neutral
1528888486727589888,1119005204844818432,lvsdlibyh,False,she/her,@onlytbangel NO LO VI QUE DIJERON DE MI GORDO😭😭😭,lo de mi,lo de mi,2022-05-23 23:59:55+00:00,Twitter for iPhone,0,1,0,0,[],['onlytbangel'],0.0,0.0,Neutral
1528888486719131648,1221625978222305280,JpHarrah67,False,The Great Southwest,"RT @PollsnOpinions: @Charlen60403930 Sort of, but not as scary as this one is becoming in DC. https://t.co/Ck28RFbfMk",sort scary becoming,sort scary becoming,2022-05-23 23:59:55+00:00,Twitter Web App,2,0,0,0,[],"['PollsnOpinions', 'Charlen60403930']",0.925,-0.024999999999999994,Negative
1528888486283030528,1494790510959284228,Geern17,False,,"RT @tuReinaElsa: La reina ha llegado!

Soy la reina Elsa, viajera interdimensional y tu futura soberana. Recorro las diferentes realidades…",la reina ha soy la reina tu las,la reina ha soy la reina tu la,2022-05-23 23:59:55+00:00,Twitter for Android,44,0,0,0,[],['tuReinaElsa'],0.0,0.0,Neutral
1528888486132162561,1276628403416858624,watercalories23,False,Trench | 18 y/old | ugw:35kg ,"Soy un ser romántico, mi novia me debe amar 😍😍😍😍 https://t.co/kuZkxxAZFO",soy un ser mi amar,soy un ser mi amar,2022-05-23 23:59:55+00:00,Twitter for iPhone,0,0,2,0,[],[],0.0,0.0,Neutral
1528888486098612229,2277799190,_dml4,False,,RT @javitaurino: Oiga escriba ahí mi enhorabuena https://t.co/1vxDk6mi7u,mi,mi,2022-05-23 23:59:55+00:00,Twitter for iPhone,6,0,0,0,[],['javitaurino'],0.0,0.0,Neutral
1528888486094606336,1233684594831945728,hong_cho27,False,내 집,@Dc_191222 제성티비%%%%,,,2022-05-23 23:59:55+00:00,Twitter for Android,0,1,0,0,[],['Dc_191222'],0.0,0.0,Neutral
1528888485922619392,1368466675,rolonmariam29,False,Paraguay,RT @FannyRaatz: Yo nio no le creo nada a los onvres pero en el fondo de mi corazón hay 1% de esperanza de que llegue alguien que me haga ca…,yo en el de mi hay de de,yo en el de mi hay de de,2022-05-23 23:59:55+00:00,Twitter for Android,474,0,0,0,[],['FannyRaatz'],0.0,0.0,Neutral
1528888485880287232,1395403643394854917,deborah_ibanez,False,,RT @tiziana_va1: podríamos ser nosotros pero ni empedo te doy un pedazo de mi pancho https://t.co/zjGXrw1Mph,ser ni te un de mi,ser ni te un de mi,2022-05-23 23:59:55+00:00,Twitter for iPhone,2596,0,0,0,[],['tiziana_va1'],0.0,0.0,Neutral
1528888485808967680,1834521558,Ramiritto2,False,Argentina,"JAJSJAJA fua ahora no pienso likear una historia, seguro deben pensar eso de mi https://t.co/wXOsj9RM0x",deben de mi,deben de mi,2022-05-23 23:59:55+00:00,Twitter for Android,0,0,1,0,[],[],0.0,0.0,Neutral
1528888485695827968,1148319292968095745,Isseiakakiryu,False,,"@Gaby_Chan29 Pues ni tanto, porque a causa de tanta agua y encima que graniza casi todos los días las plantas de mi jardín van a terminar hechas pedazos uwu",ni de agua las de mi van,ni de agua la de mi van,2022-05-23 23:59:55+00:00,Twitter Web App,0,1,0,0,[],['Gaby_Chan29'],0.0,0.0,Neutral
1528888485683163137,1520174293837295616,emakdian,False,"Bogor, Jawa Barat",@princesspromos_ @CryptoFanOnline Dc: liqs#8269 https://t.co/5NoRHlAdlM,,,2022-05-23 23:59:55+00:00,Twitter for Android,0,0,0,0,['8269'],"['princesspromos_', 'CryptoFanOnline']",0.0,0.0,Neutral
1528888485641261057,2752265631,_mgon91,False,"Buenos Aires, Argentina",Les puedo asegurar que mi cumpleaños fue una mierda! 🙃,mi,mi,2022-05-23 23:59:55+00:00,Twitter for Android,0,0,0,0,[],[],0.0,0.0,Neutral
1528888485507018752,136505572,CIRINSKY,False,"Oaxaca, México",RT @royfid: @AXL__tw Mi voto será en contra de este dictamen que pone en riesgo la autonomía y funcionamiento del Instituto.,mi en contra de pone en la,mi en contra de pone en la,2022-05-23 23:59:54+00:00,Twitter for iPhone,129,0,0,0,[],"['royfid', 'AXL__tw']",0.0,0.0,Neutral
1528888485372895232,128647193,jimmycardenas77,False,"Villavicencio, Colombia",RT @LevyRincon: Hice una encuesta en mi comunidad de YouTube preguntando que si reelegirían a Duque y todo el mundo respondió que ojalá se…,en mi de si el,en mi de si el,2022-05-23 23:59:54+00:00,Twitter for Android,2148,0,0,0,[],['LevyRincon'],0.0,0.0,Neutral
1528888485356130304,211295997,Gonzaleez16,False,"Córdoba, Argentina","Mí yo enojada es más que lo peor, me terminó odiando hasta yo misma!",yo es lo hasta yo,yo e lo hasta yo,2022-05-23 23:59:54+00:00,Twitter for Android,0,0,0,0,[],[],0.0,0.0,Neutral
1528888485293150209,1162301861099180033,florlastra_,False,,Acabo de encontrar mí nueva tienda favorita de carteras 🥲🥲🥲🥲🥲🥲🥲🥲🥲🥲🥲🥲🥲🥲 ahora cómo sigo mí vida?,de de,de de,2022-05-23 23:59:54+00:00,Twitter for Android,0,0,0,0,[],[],0.0,0.0,Neutral
1528888485293150208,1280440664396673025,elisapo4,False,U.s ,"RT @brianvachok06: Mi tio me descubre masturbandome en mi habitación, se calienta y termina rompiéndome el culito! 🥵
RT si queres ver cómo…",mi en mi se el si,mi en mi se el si,2022-05-23 23:59:54+00:00,Twitter for Android,5459,0,0,0,[],['brianvachok06'],0.0,0.0,Neutral
1528888485213392897,1291936730329866241,roudharana,False,,"@Dennis_Votos @TopTenOfficial Hola @TopTenOfficial, dejo mi voto para  #Wayoyo de #DennisArana",mi para de,mi para de,2022-05-23 23:59:54+00:00,Twitter Web App,0,0,0,0,"['Wayoyo', 'DennisArana']","['Dennis_Votos', 'TopTenOfficial', 'TopTenOfficial']",0.0,0.0,Neutral
1528888484886626304,123181379,kentawdgoto,False,Tokyo,"@mi_d_82 おはよー
イン頻度高くていいなぁ",,,2022-05-23 23:59:54+00:00,Twitter for iPhone,0,1,0,0,[],['mi_d_82'],0.0,0.0,Neutral
1528888484861292545,1414989479467696130,donnapivarnik1,False,,RT @CalltoActivism: BREAKING: Facebook owner Mark Zuckerberg has been slapped with a lawsuit by the DC Attorney General for misleading priv…,breaking owner mark lawsuit attorney general misleading,breaking owner mark lawsuit attorney general misleading,2022-05-23 23:59:54+00:00,Twitter for Android,2536,0,0,0,[],['CalltoActivism'],0.5,0.05000000000000002,Positive
1528888484680941570,1389410826780565504,almi_chaky,False,,"@Aroha_Madelyn Llegando a mi casa, lo vere , no me atrevo ir escuchando en el transporte 🙈 , y que me vean llorar.",mi lo en el,mi lo en el,2022-05-23 23:59:54+00:00,Twitter for Android,0,0,1,0,[],['Aroha_Madelyn'],0.0,0.0,Neutral
1528888484546588672,756697194,lvtchu,False,tg/dc : strwcious,"RT @galaksi: $35 | 500.000 IDR ~ 4 HOURS

RT &amp; Join DC👇 (Post Proof)
https://t.co/768PMwdA5u",join post proof,join post proof,2022-05-23 23:59:54+00:00,Twitter for Android,1461,0,0,0,[],['galaksi'],0.0,0.0,Neutral
1528888484525531136,1362223519342460928,glmreswft,False,bzzzzz,RT @emsxgigi: SI PUDIERA IR A UN CONCIERTO DE LOUIS TOMLINSON TODOS LOS DÍAS DEL RESTO DE MI VIDA SE LOS JURO QUE LO HARÍA,si un de de mi se lo,si un de de mi se lo,2022-05-23 23:59:54+00:00,Twitter for Android,975,0,0,0,[],['emsxgigi'],0.0,0.0,Neutral
1528888484181729282,1023662290921508864,LAUPHORIC,False,19 she,duró 16 segundos pero ha cambiado completamente la trayectoria de mi vida https://t.co/PwBFSW6W0g,ha la de mi,ha la de mi,2022-05-23 23:59:54+00:00,Twitter for iPhone,0,0,2,0,[],[],0.0,0.0,Neutral
1528888484005433345,1080815048698875904,SWIFTHATS_,False,Harry es mejor q tu fav ,la tal tini? estas hablando de la reina de argentina mi amor https://t.co/tyI9Kn4SJL,la tal de la reina de mi amor,la tal de la reina de mi amor,2022-05-23 23:59:54+00:00,Twitter for iPhone,0,1,1,0,[],[],0.0,0.0,Neutral
1528888483774754816,1422795631953911808,prker_ronnie,False,"Kempner,TX","RT @brandon271093: Nuevo video🥵🔥😈 mi primo me tocaba, lo encuentra mi hermano🥵  lo iban acusar con su papa, y al momento llega su papa😱🔥 qu…",mi lo mi lo con papa al,mi lo mi lo con papa al,2022-05-23 23:59:54+00:00,Twitter Web App,1087,0,0,0,[],['brandon271093'],0.0,0.0,Neutral
1528888483770605569,1258454633858686993,Andres71023724,False,,RT @daniellachavezc: Chicos estoy subiendo mucho Arte a mi Onlyfans   Link aquí https://t.co/l5EH0uQT8p https://t.co/yZ7sBfrVnR,mi link,mi link,2022-05-23 23:59:54+00:00,Twitter for Android,349,0,0,0,[],['daniellachavezc'],0.0,0.0,Neutral
1528888483770531840,1476987452388790273,sofiibal,False,,@guadaaaa02 a veces amo mí escuela 🫶🏻,,,2022-05-23 23:59:54+00:00,Twitter for Android,0,0,4,0,[],['guadaaaa02'],0.0,0.0,Neutral
1528888483519021070,407981834,HakimYAGLI,False,,@KANIKEY_ @nihadagenc Okuduğum için şaşırıyorum ya zaten. İnsanlar kendileri ile bu kadar çelişip güce tapabilir mi?,ya bu mi,ya bu mi,2022-05-23 23:59:54+00:00,Twitter for Android,0,1,4,0,[],"['KANIKEY_', 'nihadagenc']",0.0,0.0,Neutral
1528888483510722560,1462881735289438211,alexaadriano13,False,,mi vato kiere hablar conmigo,mi,mi,2022-05-23 23:59:54+00:00,Twitter for Android,0,2,1,0,[],[],0.0,0.0,Neutral
1528888483430903808,1485069736891322376,555_jhs,False,Chile,"Q ganas q mi pana de la u este aquí mamando mi verga y me saque lechita🍼🤤
Rt y te mando un mensaje🙈👀
Pt nunca había subido un video antes 
https://t.co/NRWa9Cf4bM https://t.co/72z8NHUq6A",mi de la mi te un un video antes,mi de la mi te un un video ante,2022-05-23 23:59:54+00:00,Twitter for Android,57,6,215,0,[],[],0.0,0.0,Neutral
1528888483393175552,728366081237094400,angeliccvenus,False,"Heredia, Costa Rica","ay que raro, justo cuando le dije a mi novio que quería ir a antik, dejó de gustarle y que ya supuestamente no va más :/ jajajajajajajajaj",ay justo mi de ya,ay justo mi de ya,2022-05-23 23:59:54+00:00,Twitter for iPhone,0,0,0,0,[],[],0.0,0.0,Neutral
1528888483078881280,1055952636837576704,verde30801,False,,RT @VickyVillarruel: Argentina NO debe ceder su soberanía sanitaria. Si bien el tratado q va a discutir la OMS en Ginebra puede no ser vinc…,ceder si bien el la en ser,ceder si bien el la en ser,2022-05-23 23:59:54+00:00,Twitter for Android,1345,0,0,0,[],['VickyVillarruel'],0.0,0.0,Neutral
1528888482953056256,816287854741450752,Jorge_Valess,False,,Ayer mi equipo se repartió el trabajo final y a algunos les tocó la portada y el índice y a mí el contenido de 12 hojas para hoy en la noche!!,mi se el final la el el de para hoy en la,mi se el final la el el de para hoy en la,2022-05-23 23:59:54+00:00,Twitter for Android,0,2,0,0,[],[],1.0,0.0,Neutral
1528888482944299008,1411133710209069057,auarianaa,False,sh!her ,"@aXoZerr tengo un charco de agua afuera de mi casa, estás invitado",un de agua de mi,un de agua de mi,2022-05-23 23:59:54+00:00,Twitter for iPhone,0,0,0,0,[],['aXoZerr'],0.0,0.0,Neutral
1528888482923429888,1348788745965858816,Davos09061901,False,,RT @jennobenno: 10-20% of pregnancies result in miscarriage. Women aren’t criminalized over miscarriage &amp; women who end a pregnancy shouldn…,result miscarriage miscarriage end pregnancy,result miscarriage miscarriage end pregnancy,2022-05-23 23:59:54+00:00,Twitter for iPhone,207,0,0,0,[],['jennobenno'],0.0,0.0,Neutral
1528888482839441408,233637773,anngieSotomayor,False,,Yo sola me compro un gorrito negro y lo tiro arriba de mi ropa negra. Date por perdido,yo sola un negro lo arriba de mi date,yo sola un negro lo arriba de mi date,2022-05-23 23:59:54+00:00,Twitter for iPhone,0,0,0,0,[],[],0.0,0.0,Neutral
1528888482772529154,1219573067548065796,jeibof,False,,A veces odio tanto mi vida luego agradezco por estar viva pero no entiendo pa que si me quiero morir igual,mi viva pa si,mi viva pa si,2022-05-23 23:59:54+00:00,Twitter for Android,0,0,0,0,[],[],0.0,0.0,Neutral
1528888482718167040,352730111,telma_rc,False,Asunción,"RT @milipioletti: Quiero dejar asentado un aprendizaje que llegó a mi cerebro demasiado tarde: no hay que contar todo, ni compartirse tanto…",un mi hay ni,un mi hay ni,2022-05-23 23:59:54+00:00,Twitter for iPhone,6526,0,0,0,[],['milipioletti'],0.0,0.0,Neutral
1528888482566967299,1450521490252836867,hey_annie99,False,,"Amo que Guido me complazca con muchos regalitos pero me hace mal que gaste tanto en mi
Es un sentimiento de amor odio jajajaa",con mal en mi es un de amor,con mal en mi e un de amor,2022-05-23 23:59:54+00:00,Twitter for Android,0,0,0,0,[],[],0.0,0.0,Neutral
1528888482474913793,123108098,isabelverac,False,Chile,"@FernandoNovoa_ @urgentedifundir jajajja, mi esposo ronca y yo uso de esos",mi yo de,mi yo de,2022-05-23 23:59:54+00:00,Twitter Web App,0,1,1,0,[],"['FernandoNovoa_', 'urgentedifundir']",0.0,0.0,Neutral
1528888482399416320,3594999497,Psicomanthiss,False,"Córdoba, Argentina",Mi salsita criolla y mi mayo casera son una cosa de loco,mi mi son de loco,mi mi son de loco,2022-05-23 23:59:54+00:00,Twitter for Android,0,0,0,0,[],[],0.0,0.0,Neutral
1528888482357161984,1522732892866105345,srdelanoche1991,False,,RT @Laurasexy_milf: No puedo ir al gym pero eso no es problema para mí 😁😁😁 CUERPO sano MENTE sana😜FOLLA sano 😏😏😏 https://t.co/NbpTniXHly,al gym es para,al gym e para,2022-05-23 23:59:54+00:00,Twitter for Android,27,0,0,0,[],['Laurasexy_milf'],0.0,0.0,Neutral
1528888482340343809,247978368,AlinaaTavarez,False,,Y pensar que cuando salga del trabajo tengo que ponerme a joder con cena me dan deseo ni de llegar a mi casa🥲...,con dan ni de mi,con dan ni de mi,2022-05-23 23:59:54+00:00,Twitter for iPhone,0,0,0,0,[],[],0.0,0.0,Neutral
1528888482323628034,1513528966333800448,julio_nilsa,False,,"RT @andreinacamejo4: Gracias a Dios por un año más de vida... Feliz cumpleaños para mi 🎂🎉🎂🎂 

Que Dios me conceda larga vida y salud 🙏🥳 htt…",un de para mi,un de para mi,2022-05-23 23:59:54+00:00,Twitter for Android,194,0,0,0,[],['andreinacamejo4'],0.0,0.0,Neutral
1528888482302595073,1493007963547521026,MEIKO96811195,False,"Aichi-ken, Japan","@Mi97873631 Miちゃん❤☺️
おはようございます✨🌷
ありがとうございます😭

メッセージ嬉しいです☺
これからも仲良くしてくださいね✌️💕

ありがとうございました😘",,,2022-05-23 23:59:54+00:00,Twitter for Android,0,1,2,0,[],['Mi97873631'],0.0,0.0,Neutral
1528888482063880192,36785286,VVJ_GT,False,Guatemala,RT @licjehz: @miotralectura @VVJ_GT @BillGates https://t.co/y7fZIBbpRD,,,2022-05-23 23:59:54+00:00,Twitter for iPhone,1,0,0,0,[],"['licjehz', 'miotralectura', 'VVJ_GT', 'BillGates']",0.0,0.0,Neutral
1528888481853984768,1448056375813234693,MESSIAS63756521,False,,@PedroMe00708670 @87_guardian Si es lo que hare si quieres te mando mi nuevo kit oara celebrar mi regreso a ser kit maker,si es lo hare si te mi kit mi ser kit maker,si e lo hare si te mi kit mi ser kit maker,2022-05-23 23:59:54+00:00,Twitter for Android,0,1,1,0,[],"['PedroMe00708670', '87_guardian']",0.0,0.0,Neutral
1528888481845497857,1524095347622133762,CdeCoqueta6,False,"Mérida, Yucatán",RT @AlexxBadBoy: 🔥🔥🔥Me encanta hacer el mañanero y que juegue bien rico con mi culito hasta que lo dejé con lechita🔥🔥🔥 @EncuentroGayMty htt…,el bien con mi hasta lo con,el bien con mi hasta lo con,2022-05-23 23:59:54+00:00,Twitter for iPhone,1566,0,0,0,[],"['AlexxBadBoy', 'EncuentroGayMty']",0.0,0.0,Neutral
1528888481736531969,3241801752,Ade_UV,False,,Mi mirada cambió cuando tus ojos ví 🥰❣️,mi,mi,2022-05-23 23:59:54+00:00,Twitter for Android,0,0,0,0,[],[],0.0,0.0,Neutral
1528888481669341185,183780451,XaviCruz_,False,Guayaquil - Ecuador,Mi corazón pasó mucho tiempo dividido pero ya no,mi ya,mi ya,2022-05-23 23:59:54+00:00,Twitter for iPhone,0,0,0,0,[],[],0.0,0.0,Neutral
1528888481657032705,352050085,CarlosFuentesDR,False,,"RT @yolidabeyac: Expreso mi sentido pésame ⁦al Magistrado @FFuentesBarrera y al Lic. @CarlosFuentesDR, por el sensible fallecimiento de la…",mi al el sensible de,mi al el sensible de,2022-05-23 23:59:54+00:00,Twitter for iPhone,1,0,0,0,[],"['yolidabeyac', 'FFuentesBarrera', 'CarlosFuentesDR']",0.0,0.0,Neutral
1528888481564565504,1479579304287744001,LIN0SKITTY,False,". . . i will remember forever what it was like to meet each one of you, the incredible feeling that this awakened in me and the memories, 𝘀𝗸𝘇. ♡","faço minha outra tela do minho ou do lix, estou em análise 

mi ajudem",em mi,em mi,2022-05-23 23:59:54+00:00,Twitter for Android,0,0,0,0,[],[],0.0,0.0,Neutral
1528888481514233856,1241396127666180096,Charly02207930,False,,"RT @gutriveram: Vean el video de estás fotos en mi OnlyFans: https://t.co/M7TKL3Xm0g  
Y síganme en Ig: https://t.co/rZHOfCfGB6  🥵🔥 https:/…",el video de en mi en,el video de en mi en,2022-05-23 23:59:54+00:00,Twitter for Android,594,0,0,0,[],['gutriveram'],0.0,0.0,Neutral
1528888481237196800,1864349071,Eskol69903,False,,RT @Opinante12: @cavardel @marcodebcn @Eskol69903 @YouTube @YsYeya Tremendo grupo de mi época de juventud y como no escuchar : true,de mi de true,de mi de true,2022-05-23 23:59:53+00:00,Twitter for iPhone,1,0,0,0,[],"['Opinante12', 'cavardel', 'marcodebcn', 'Eskol69903', 'YouTube', 'YsYeya']",0.65,0.35,Positive
1528888481128120321,829587740270288896,HrkC0405,False,"Kota Surabaya, Jawa Timur",@missufe Dc. Hengheyu#8799 https://t.co/yDuaA73y4N,,,2022-05-23 23:59:53+00:00,Twitter for Android,0,0,1,0,['8799'],['missufe'],0.0,0.0,Neutral
1528888481111580673,1233206155930767362,Josejim42626367,False,,RT @Josejim42626367: Mi esposa https://t.co/P22rIrNtO7,mi,mi,2022-05-23 23:59:53+00:00,Twitter for Android,101,0,0,0,[],['Josejim42626367'],0.0,0.0,Neutral
1528888480687718400,841791282,ivanchoadolf,False,Santa Fe,RT @IsMyShitt: Mi papá le pregunto a mi hermana quien repartió escarapelas el 25 de mayo y ella dijo que nadie porque es feriado https://t.…,mi mi el de es,mi mi el de e,2022-05-23 23:59:53+00:00,Twitter for Android,1,0,0,0,[],['IsMyShitt'],0.0,0.0,Neutral
1528888480440328193,1226032044456603648,MicaelaDolores_,False,"Pueblo de Ayotla, Ixtapaluca","RT @DrBrasilAcosta: Iniciamos la semana con mi artículo en @BuzosNoticias 1030: ¿Contra la inflación?

Conoce las contradicciones de el pla…",la con mi en la las de el,la con mi en la la de el,2022-05-23 23:59:53+00:00,Twitter Web App,2868,0,0,0,[],"['DrBrasilAcosta', 'BuzosNoticias']",0.0,0.0,Neutral
1528888480432021504,1095492405023916032,JPino369,False,,"RT @RACerrada: Le entregué mis mejores 10 años a la lucha contra la tiranía y el comunismo en Venezuela.

Me vine a Colombia a ""probar suer…",la contra la el en vine,la contra la el en vine,2022-05-23 23:59:53+00:00,Twitter for Android,91,0,0,0,[],['RACerrada'],0.0,0.0,Neutral
1528888480406773760,944263479564947456,sulca_florencio,False,"Lima, Peru",RT @_f0ssil: Nuevamente desamparadas. Como arqueóloga solo me hace sentir desprotegida y que si en algún momento de mi vida me topo con gen…,solo si en de mi topo con,solo si en de mi topo con,2022-05-23 23:59:53+00:00,Twitter for Android,22,0,0,0,[],['_f0ssil'],0.0,0.0,Neutral
1528888480193036288,871713777078730754,mert_golu,False,,@royzvow Hayırdır aq devlet başkanıyla mi konusuyor çocuk ortamın zaten böyle neyin kafası bu Prima devamke,mi bu prima,mi bu prima,2022-05-23 23:59:53+00:00,Twitter for Android,0,0,0,0,[],['royzvow'],0.0,0.0,Neutral
1528888480125812737,1422324041373859840,Ludmiidiaz19,False,,"Estoy tan orgullosa de mí hermanito,que voy a tener que salir el finde a festejar por el",tan de el el,tan de el el,2022-05-23 23:59:53+00:00,Twitter for Android,0,1,1,0,[],[],0.0,0.0,Neutral
1528888480008327168,1072492107661762561,BUSCOMADUROS10,False,"Bogotá, D.C., Colombia",RT @JuanPre59735645: Con Mi Maduro Alejandro De Pachuca Hgo https://t.co/aIbWRm7Ktz,con mi maduro de,con mi maduro de,2022-05-23 23:59:53+00:00,Twitter Web App,133,0,0,0,[],['JuanPre59735645'],0.0,0.0,Neutral
1528888479849009153,707968863489695744,EluGarsol2975,False,"Madrid, España",RT @PxrpleNyxck: La manera en la que dejó de existir en las redes sociales hasta que tengo cosas que hacer y me doy cuenta de que las redes…,la en la de en las hasta de las,la en la de en la hasta de la,2022-05-23 23:59:53+00:00,Twitter for Android,2,0,0,0,[],['PxrpleNyxck'],0.0,0.0,Neutral
1528888479736037376,1467373177445953538,KomiCNFT,False,Republika ng Pilipinas,"@SkurtLoy @NetherCNFT @RR_CNFT @tristan_solema @ChilledMong @JigaCnft @jonazsan @NetherCNFT
@nairdamancnft @zklvntr
LFG!!! Done!!!
Thank you",done thank,done thank,2022-05-23 23:59:53+00:00,Twitter for Android,0,0,0,0,[],"['SkurtLoy', 'NetherCNFT', 'RR_CNFT', 'tristan_solema', 'ChilledMong', 'JigaCnft', 'jonazsan', 'NetherCNFT', 'nairdamancnft', 'zklvntr']",0.0,0.0,Neutral
1528888479307943936,1251096635972730880,Anaanc55,False,,"muy interesante mi vida últimamente, q tal vosotross, con q adjetivo definis la vuestra ahora??👇🏽👇🏽",mi tal con la,mi tal con la,2022-05-23 23:59:53+00:00,Twitter for Android,0,0,1,0,[],[],0.0,0.0,Neutral
1528888479190380546,1607282635,davidurbani1,False,"Mar del Plata, Argentina","Como diría mi amigo @Felii_N 

¿Que procede? https://t.co/fRTyDlDfBc",mi,mi,2022-05-23 23:59:53+00:00,Twitter for Android,1,9,24,0,[],['Felii_N'],0.0,0.0,Neutral
1528888478922338304,1476437032977276930,Figueroa_a_,False,,"nadie:
absolutamente nadie:
mi ex: [23/5 7:39 p. m.] Rafa💖: falta poco para tu cumple mañas que queres de regalo?",mi ex poco para tu de,mi ex poco para tu de,2022-05-23 23:59:53+00:00,Twitter for Android,0,1,0,0,[],[],0.0,0.0,Neutral
1528888478867636225,1187519151256064001,Boys_Natiion,False,Estados Unidos,RT @hotlatinboy__: Me chupa el culo con la Lengua hasta el fondo en el tren abandonado 🙈🥵 termino dandole la leche en su garganta 🍼🤤 video…,el con la hasta el en el termino la en,el con la hasta el en el termino la en,2022-05-23 23:59:53+00:00,Twitter Web App,1262,0,0,0,[],['hotlatinboy__'],0.0,0.0,Neutral
1528888478552842240,1049401064569667584,libardo_tavera,False,"Medellín, Colombia",RT @LevyRincon: Hice una encuesta en mi comunidad de YouTube preguntando que si reelegirían a Duque y todo el mundo respondió que ojalá se…,en mi de si el,en mi de si el,2022-05-23 23:59:53+00:00,Twitter for Android,2148,0,0,0,[],['LevyRincon'],0.0,0.0,Neutral
1528888478377066497,1459045654630653996,Taehyung_Kim28,False,30|1|2022 ♡︎M y A♡︎,"Me copio 
""."" y te digo donde dormirías si pasaras una noche en mi casa.... 

1. en mi cama
2. en el suelo
4. encima de mi
6. en el sofá
7. en el patio
8. en la segunda cama
9. en la otra habitación",te si en mi en mi en el de mi en el en el patio en la en la,te si en mi en mi en el de mi en el en el patio en la en la,2022-05-23 23:59:53+00:00,Twitter for Android,0,4,1,0,[],[],0.0,0.0,Neutral
1528888478242525184,123419678,tegan_oneil5000,False,Desolation Row / nb she/her,huh I own the vast majority of all comics ever colored by the current EIC of DC comics ... certainly an odd bibliography of which to find myself accidentally a near-completist,huh vast majority ever colored current certainly odd bibliography find accidentally,huh vast majority ever colored current certainly odd bibliography find accidentally,2022-05-23 23:59:53+00:00,Twitter for iPhone,0,1,11,0,[],[],0.5499999999999999,-0.05555555555555555,Negative
1528888478179528704,433941703,dummy_mx,False,,"RT @edisabela1: @Cruzamaranta @dummy_mx @EdisabelA Mi amiga del alma Virginia, muy cierta la afirmación del Gran Noam Chomsky sobre la mani…",mi alma la la,mi alma la la,2022-05-23 23:59:53+00:00,Twitter for Android,3,0,0,0,[],"['edisabela1', 'Cruzamaranta', 'dummy_mx', 'EdisabelA']",0.0,0.0,Neutral
1528888478175404032,1342550313698529283,camiigonzaa_,False,"Córdoba, Argentina","RT @juliiguerrero03: q ganas de presumir a un pibe, tipo ACÁ CON MÍ WACHOOO COMIENDO PASTEL DE PAPA",de un con pastel de papa,de un con pastel de papa,2022-05-23 23:59:53+00:00,Twitter for Android,4428,0,0,0,[],['juliiguerrero03'],0.0,0.0,Neutral
1528888477777113089,1445212122842112000,berkayybayrm,False,"Çerkezköy, Türkiye","RT @onudabitirin: Kapı bitince tatlıya mı geçmişler, nedir?",,,2022-05-23 23:59:53+00:00,Twitter for Android,26,0,0,0,[],['onudabitirin'],0.0,0.0,Neutral
1528888477764489217,961616623,UntalMan,False,,"RT @DanielSamperO: Y así fue como mi amiga @CathyJuvinao terminó haciendo política hombro a hombro al lado de  @JulianBedoyaL17...

La polí…",mi al de la,mi al de la,2022-05-23 23:59:53+00:00,Twitter for iPhone,680,0,0,0,[],"['DanielSamperO', 'CathyJuvinao', 'JulianBedoyaL17']",0.0,0.0,Neutral
1528888477651451904,2726622797,angelquintero_9,False,"Bogotá, D.C., Colombia","RT @yari_0522: yo suscribiendo hasta a mi mamá al canal JAJAJAJAJ

YURI Y VALE EN YOUTUBE",yo hasta mi al canal vale en,yo hasta mi al canal vale en,2022-05-23 23:59:53+00:00,Twitter for Android,1,0,0,0,[],['yari_0522'],0.0,0.0,Neutral
1528888477642792961,2151714799,ChocolatitoDany,False,"Morelia, Michoacán de Ocampo","RT @TFiel69: Soy tuya incluso cuando no estás a mi lado ... 
Excelente lunes mis amores 😈😎💓💋💋 https://t.co/EOoisoPCZU",soy mi excelente lunes,soy mi excelente lunes,2022-05-23 23:59:53+00:00,Twitter for Android,2,0,0,0,[],['TFiel69'],0.0,0.0,Neutral
1528888477600796672,1509841627061313551,Ohm5021,False,,RT @alessiarugge_96: A volte mi vengono così AHAHHAHAHAHAHAHA #caroligi https://t.co/2VBHI1nhHj,mi,mi,2022-05-23 23:59:53+00:00,Twitter for Android,167,0,0,0,['caroligi'],['alessiarugge_96'],0.0,0.0,Neutral
1528888477474967552,202748850,luligvp_,False,,"RT @AgusNahas_: Me mata cuando mi gato suspira como diciendo “qué vida jodida che”.
Rey, laburo como mula para pagarte el Royal Canin, mien…",mi che para el royal,mi che para el royal,2022-05-23 23:59:53+00:00,Twitter for Android,2715,0,0,0,[],['AgusNahas_'],0.0,0.0,Neutral
1528888477470928897,1340900241193586694,Sg4Nana,False,,RT @anapauvgzzz: mi notificación favorita la tuya,mi la,mi la,2022-05-23 23:59:53+00:00,Twitter for Android,4,0,0,0,[],['anapauvgzzz'],0.0,0.0,Neutral
1528888477391233033,1016512481047429121,shubhambagde00,False,"Nagpur, India","India’s squad for South Africa T20s: Netizens SLAM BCCI for selecting Ishan Kishan ahead of Sanju Samson and Rahul Tripathi, check reactions HERE | Cricket News https://t.co/c2jpH377bd",squad south slam ahead samson check cricket news,squad south slam ahead samson check cricket news,2022-05-23 23:59:53+00:00,WordPress.com,0,0,0,0,[],[],0.0,0.0,Neutral
1528888477365833728,3028605112,heterocuriosaa,False,,RT @1maylopez: Mi papá se queja de mi y soy la versión mujer de él 🤌🏻🤌🏻🤌🏻🤌🏻,mi se de mi soy la de,mi se de mi soy la de,2022-05-23 23:59:53+00:00,Twitter for Android,6765,0,0,0,[],['1maylopez'],0.0,0.0,Neutral
1528888477361709056,1254688869703749633,kimzaretth,False,,"Y mi mamá invitó a su amiga, broo, me siento triste 😞",mi broo,mi broo,2022-05-23 23:59:53+00:00,Twitter for iPhone,0,0,0,0,[],[],0.0,0.0,Neutral
1528888477353484288,1466119064934391817,WvielmanO,False,,"RT @JulioPascualM12: @petrogustavo Mi hija Nicol Mariana, convencida de que el cambio es en Primera, porque Gustavo Petro es el Presidente…",mi de el es en es el,mi de el e en e el,2022-05-23 23:59:53+00:00,Twitter for Android,2,0,0,0,[],"['JulioPascualM12', 'petrogustavo']",0.0,0.0,Neutral
1528888477252603905,806024495173664768,Comenovias,False,,"RT @drsex00070530: Un poco más del encuentro con mi compañera, la jefa de enfermeras. Sin duda alguna de los mejores orales. https://t.co/m…",un poco con mi la de sin de,un poco con mi la de sin de,2022-05-23 23:59:53+00:00,Twitter for Android,749,0,0,0,[],['drsex00070530'],0.0,0.0,Neutral
1528888477072257025,1464248267777130545,jimicn_,False,🇮🇩,"RT @AreumPromotes: $100 || 1.4 JT ~ 36Hrs 🌼

✅$50 - Rt • Follow @Global_LoD &amp; @Kenma_LOD
 
✅$50 BONUS  Join DC(show proof) [https://t.co/5D…",follow bonus join show proof,follow bonus join show proof,2022-05-23 23:59:52+00:00,Twitter for Android,2769,0,0,0,[],"['AreumPromotes', 'Global_LoD', 'Kenma_LOD']",0.0,0.0,Neutral
1528888476971716608,377726718,nihilus1397,False,Honduras,"@anasltzr Aunque obviamente quiero la secuela de BOTW la verdad no me molesta que salga el otro año, este año está bien cargado con juegos al menos para mí xd además que todavía puedo jugar el original sin problema al menos unas 100 horas más y disfrutarlo igual",la de la el bien con al para el original sin al,la de la el bien con al para el original sin al,2022-05-23 23:59:52+00:00,Twitter for Android,0,1,0,0,[],['anasltzr'],0.75,0.375,Positive
1528888476938031105,2736335680,pollofuam,False,,"#PetroGanaDebatesobrado estaremos pendientes del debate,,5votis en mi familia",debate en mi familia,debate en mi familia,2022-05-23 23:59:52+00:00,Twitter for iPhone,0,0,0,0,['PetroGanaDebatesobrado'],[],0.0,0.0,Neutral
1528888476917043202,1346842005385711616,Follotodo1,False,,"RT @lanacarolina01: Me tomo muchas fotitos cuando me siento bonita, espero les gusten😳😍

Info de mi contenido al dm. https://t.co/gk21vfGJBm",de mi al,de mi al,2022-05-23 23:59:52+00:00,Twitter Web App,839,0,0,0,[],['lanacarolina01'],0.0,0.0,Neutral
1528888476908724225,1491227913064267776,MaryPol79075661,False,,"RT @Richie_Gomez: Yo votaría por Petro, pero a mí diosito sí me dio un cerebro,🤓.",yo un,yo un,2022-05-23 23:59:52+00:00,Twitter Web App,780,0,0,0,[],['Richie_Gomez'],0.0,0.0,Neutral
1528888476816486400,1242626004226621441,_LetiEme,False,,"RT @Alex_28900: Pido perdón si alguna vez mi salud mental me hizo ser mal amigo, mala pareja o simplemente una mala persona.",si mi mental ser mal mala mala persona,si mi mental ser mal mala mala persona,2022-05-23 23:59:52+00:00,Twitter for Android,23406,0,0,0,[],['Alex_28900'],0.2,-0.1,Negative
1528888476812431360,1133748433603268608,Alberto75862902,False,,"RT @LaTraviexxaSexy: Traigo tanga o no? Que dices?😳😳🍑😋

Mi whatsapp para info de costos de mis packs👇
https://t.co/gpN8slDgcc… https://t.co…",tanga mi para de de,tanga mi para de de,2022-05-23 23:59:52+00:00,Twitter for Android,92,0,0,0,[],['LaTraviexxaSexy'],0.0,0.0,Neutral
1528888476766089216,118090882,chrisjav,False,Chile,"RT @Dann_27: Mis queridos twitteros!!!!
Agradecería me ayuden a compartir y seguir mi instagram @ancalu_joyas
Emprendimiento personal para…",mi personal,mi personal,2022-05-23 23:59:52+00:00,Twitter for iPhone,393,0,0,0,[],"['Dann_27', 'ancalu_joyas']",0.3,0.0,Neutral
1528888476749512704,543772251,theBitchofBlair,False,,RT @CovWuis: Mi pito y yo les deseamos feliz inicio de semana https://t.co/1tuNZfZcrF,mi yo de,mi yo de,2022-05-23 23:59:52+00:00,Twitter for Android,3,0,0,0,[],['CovWuis'],0.0,0.0,Neutral
1528888476728717312,467055923,rubenrr254,False,Venezuela,RT @dra_regenmedica: A mi consultorio llegó a una niña d 4 años con sus padres. Tenía lentes puestos y estaba cargada. Al quitarse los lent…,mi con al,mi con al,2022-05-23 23:59:52+00:00,Twitter for iPhone,1936,0,0,0,[],['dra_regenmedica'],0.0,0.0,Neutral
1528888476598521858,1461450375941300224,mmkntfag,False,,@i6kase_ disculpame no era mi intencion tener este pedazo d pistola,era mi,era mi,2022-05-23 23:59:52+00:00,Twitter for Android,0,0,0,0,[],['i6kase_'],0.0,0.0,Neutral
1528888476229312513,1429833732282802191,vengoaquialeer,False,,"@anforarota a no ser que tengas pruebas de que eso ya estaba al entrar, puede ponerse tonto y dejarte sin fianza... A mi me han intentado hacer eso muchas veces así que ahora siempre hago fotos y vídeos, dejo constancia de la fecha y pido por escrito el q lo van a arreglar, nada de palabra..",ser de ya al sin mi han de la el lo van de,ser de ya al sin mi han de la el lo van de,2022-05-23 23:59:52+00:00,Twitter Web App,0,0,0,0,[],['anforarota'],0.0,0.0,Neutral
1528888475809890307,1462495942154899459,hrrrrrrrrrrri,False,17 her ,quiero que seas mi sumisa si quiere tomate tu tiempo tranquila no tengo prisa https://t.co/xU6rflJPnN,mi si tu,mi si tu,2022-05-23 23:59:52+00:00,Twitter for iPhone,0,0,3,0,[],[],0.0,0.0,Neutral
1528888475243921408,799460771931574275,invisibletether,False,Venezuela,"@navarroftklauss Hablarlo fluidamente es complicado, necesitas mucha práctica para eso.

Pero entenderlo y decir par de frases, una vez que lo estudias no es tan complejo.

En mi caso, para cantar una canción es de las cosas más simples, de hecho cuando estás aprendiendo eso lo recomiendan mucho.",es para par de lo es tan en mi para cantar es de las de lo,e para par de lo e tan en mi para cantar e de la de lo,2022-05-23 23:59:52+00:00,Twitter for Android,0,0,0,0,[],['navarroftklauss'],0.0,0.0,Neutral
1528888475193249792,1356612343833243657,JuliethLabrada,False,,"Yo si esperaba con la carita empapada que llegaras con rosas, mil rosas para mi :(",yo si con la con mil para mi,yo si con la con mil para mi,2022-05-23 23:59:52+00:00,Twitter for Android,0,0,0,0,[],[],0.0,0.0,Neutral
1528888474933207040,723196708973363201,CHMARECOS,False,,"@benitez_alan2 @CCP1912oficial Lo único que le puedo decir así como es cirquero que no llore cuando le alcanza sus colegas, futbol da revancha mi cuate disfruta mientas podes.",lo es da mi,lo e da mi,2022-05-23 23:59:52+00:00,Twitter for Android,0,0,0,0,[],"['benitez_alan2', 'CCP1912oficial']",0.0,0.0,Neutral
1528888474618671104,1323765025,CinthiaBA14,False,"La Rioja, Argentina",Mi outfit para ir al puteo @Emiirobador https://t.co/rzpGjkaTTV,mi outfit para al,mi outfit para al,2022-05-23 23:59:52+00:00,Twitter for Android,0,1,3,0,[],['Emiirobador'],0.0,0.0,Neutral
1528888474581053440,1096734789623795712,Yuuta0095,False,Mexico,"No sé si conocerte fue casualidad o obra del destino, pero agradezco de tenerte en mi vida, porqué me haces muy feliz ♡",si de en mi,si de en mi,2022-05-23 23:59:52+00:00,Twitter for Android,0,0,1,0,[],[],0.0,0.0,Neutral
1528888474480553984,2442116388,yarenccetin,False,"Eskişehir, Türkiye",son günlerde aşık olan biri var mı içinizde arkadaşlar BEN NASIL AŞIK OLUNUYODU UNUTTUM DA,son biri ben da,son biri ben da,2022-05-23 23:59:52+00:00,Twitter for iPhone,0,1,13,0,[],[],0.0,0.0,Neutral
1528888474463395842,1388823603966267394,Racinguista1903,False,,"@NiKooooOk Llamar a la gente por su nombre ante las injusticias es mi verdadera pasión, vió? en el Tita soy otra persona, no me encuentro sentado en una platea a 100 metros del árbitro, dejame pegado al alambrado 🤣",la ante las es mi en el soy persona en platea al,la ante la e mi en el soy persona en platea al,2022-05-23 23:59:52+00:00,Twitter for Android,0,0,2,0,[],['NiKooooOk'],0.0,0.0,Neutral
1528888474442641408,1265456109319413761,eof_my,False,AmazonAssociateに参加しています,"Amazonのウェアラブルデバイスから
気になるアイテムは「コレ」だ👍

アマゾンのセールスランク 5 位！

【日本正規代理店品】 2021年新モデル Xiaomi スマートバンド Mi …

本ページで表す【日本正規代理店品】とは、https://t.co/mBfhEjwbwGが出荷元・発送元となってい…

https://t.co/Uy2UgZlLiG",mi,mi,2022-05-23 23:59:52+00:00,ONEof FavoAutoTweet,0,0,0,0,[],[],0.0,0.0,Neutral
1528888474392494080,1183807135970406409,beltrannluli,False,,RT @PauuuIbarra: Mientras vos buscas a cualquiera a mí me buscan y no cualquiera jajajaj esa es la gran diferencia 🤷🏽‍♀️🤷🏽‍♀️🤷🏽‍♀️,es la,e la,2022-05-23 23:59:52+00:00,Twitter for iPhone,79,0,0,0,[],['PauuuIbarra'],0.0,0.0,Neutral
1528888474253787137,887510931131047936,MiluuSanchezz11,False,"Ciudad Autónoma de Buenos Aires, Argentina",RT @congratulatixns: momento MI PAÍS https://t.co/aeKAzyXAay,mi,mi,2022-05-23 23:59:52+00:00,Twitter for Android,164,0,0,0,[],['congratulatixns'],0.0,0.0,Neutral
1528888474236907520,2996139587,TiniLatam_,False,Paraguay,"RT @YoLinyera: Mi sueño se hace realidad! @TiniStoessel junto a Christina Aguilera 🤍
Llorooooooooooooo 😭❤️❤️❤️❤️❤️❤️",mi se junto,mi se junto,2022-05-23 23:59:52+00:00,Twitter for Android,20,0,0,0,[],"['YoLinyera', 'TiniStoessel']",0.0,0.0,Neutral
1528888474165821444,929912219780960256,ManuelVegaMX,False,"Culiacán, Sinaloa",@NefertariiIV @AnalystTyrion @SUperMarioAnti4 @AntilopeMalo @Dig1Tesla @Lpez1Pio @MinekoKia @AcmeMxx @blkalexmx @evilscrat @Euricledez @_JEAL @joset7285 @pejestad @estanislaojr @LiberwolfLiber @ROLFICOMPAFUEGO @adnware @jmvillalpando04 @Vane_SiVal @RobertoCanavar1 @ArturoV10636646 @ElLoboFenix @GianinoGian @el_Barto__ @NateHowl @Mvp_2022e @secuaz @CantRefund @MIKE_DRG4915 @Val20_20 @MI_NUEVO_CLON @AlanFrancisco75 @lorenzo3017 @SVIIsol @KleineKrOteFifi @mind_jacket @samcro876376274 @sin_socialismo @JaimeCCS @napoles_o @maurotimauroti @PabloMtzDelCam1 @GMonroyEnergy @JL0_42 @jkJenny @GaboCTuLove @natalia_vera15 @liderponce574 @Gabbicha_rueda Claro que sí...,claro,claro,2022-05-23 23:59:52+00:00,Twitter for Android,0,0,5,0,[],"['NefertariiIV', 'AnalystTyrion', 'SUperMarioAnti4', 'AntilopeMalo', 'Dig1Tesla', 'Lpez1Pio', 'MinekoKia', 'AcmeMxx', 'blkalexmx', 'evilscrat', 'Euricledez', '_JEAL', 'joset7285', 'pejestad', 'estanislaojr', 'LiberwolfLiber', 'ROLFICOMPAFUEGO', 'adnware', 'jmvillalpando04', 'Vane_SiVal', 'RobertoCanavar1', 'ArturoV10636646', 'ElLoboFenix', 'GianinoGian', 'el_Barto__', 'NateHowl', 'Mvp_2022e', 'secuaz', 'CantRefund', 'MIKE_DRG4915', 'Val20_20', 'MI_NUEVO_CLON', 'AlanFrancisco75', 'lorenzo3017', 'SVIIsol', 'KleineKrOteFifi', 'mind_jacket', 'samcro876376274', 'sin_socialismo', 'JaimeCCS', 'napoles_o', 'maurotimauroti', 'PabloMtzDelCam1', 'GMonroyEnergy', 'JL0_42', 'jkJenny', 'GaboCTuLove', 'natalia_vera15', 'liderponce574', 'Gabbicha_rueda']",0.0,0.0,Neutral
1528888473838505984,353394297,ncm_82,False,,"RT @NachoPalen: Suárez en el larguero: “Mi hija mayor es del Barça, los dos pequeños matan por el Atleti”",en el mi mayor es dos el,en el mi mayor e do el,2022-05-23 23:59:52+00:00,Twitter for Android,186,0,0,0,[],['NachoPalen'],0.0,0.0,Neutral
1528888473683431424,405268691,oscarfasanchez,False,,"RT @DanielSamperO: Y así fue como mi amiga @CathyJuvinao terminó haciendo política hombro a hombro al lado de  @JulianBedoyaL17...

La polí…",mi al de la,mi al de la,2022-05-23 23:59:52+00:00,Twitter Web App,680,0,0,0,[],"['DanielSamperO', 'CathyJuvinao', 'JulianBedoyaL17']",0.0,0.0,Neutral
1528888473653895168,1283885684097454088,NieblasCisneros,False,"Nogales, Sonora",RT @IrisVermillon: Como Multimuse que soy en este apartado en mi perfil subiré a cada una de mis niñas. Con solo su nombre y universo o si…,soy en en mi de con solo,soy en en mi de con solo,2022-05-23 23:59:52+00:00,Twitter for Android,53,0,0,0,[],['IrisVermillon'],0.0,0.0,Neutral
1528888473628954624,1500872223392948226,elejemplar02,False,,RT @MatrimonioN: Como no amarte mi preciosa tía negra!! Estás tan rica!!! https://t.co/alFifXadKM,mi tan,mi tan,2022-05-23 23:59:52+00:00,Twitter Web App,2,0,0,0,[],['MatrimonioN'],0.0,0.0,Neutral
1528888473549086720,4514502912,zuleema13,False,,RT @pauvazquezp_: mi yo del espejo es muy bonita,mi yo es,mi yo e,2022-05-23 23:59:52+00:00,Twitter Web App,2471,0,0,0,[],['pauvazquezp_'],0.0,0.0,Neutral
1528888473431773184,257252820,PabloDSN,False,Guatemala,RT @AdriRM33: Siempre en mi equipo @fedeevalverde https://t.co/YQrFlJPdyr,en mi,en mi,2022-05-23 23:59:52+00:00,Twitter for iPad,206,0,0,0,[],"['AdriRM33', 'fedeevalverde']",0.0,0.0,Neutral
1528888473389674496,1403073251706904583,tomate71086467,False,él/he/him 🏳️‍🌈,"RT @culo_deluxxxe: SANTO VIDEO 🤳
MI NOVIO FELIZ COMIENDOSE MI CULITO, ESCUCHEN COMO DISFRUTA MI ROTO HASTA DARME SU LECHE, ME ENCANTA COMO…",video mi mi mi roto hasta,video mi mi mi roto hasta,2022-05-23 23:59:52+00:00,Twitter for Android,341,0,0,0,[],['culo_deluxxxe'],0.0,0.0,Neutral
1528888473318473730,2882823108,beretovartre,False,"Houston, TX","RT @Nora_Ruvalcaba: ¡Vamos a ganar #Aguascalientes mi querido @mario_delgado! 

Lo dice la gente y lo dicen las encuestas. 

#NoraGanadora",mi lo dice la lo las,mi lo dice la lo la,2022-05-23 23:59:52+00:00,Twitter for iPhone,412,0,0,0,"['Aguascalientes', 'NoraGanadora']","['Nora_Ruvalcaba', 'mario_delgado']",0.0,0.0,Neutral
1528888473259626497,1101918401029701634,Lano46566728,False,Manaus,"RT @Fabiocolombo_10: Llegando con mi hermano de tomar, mi inocente primo quiere abusar de mi hermano, lo encuentro y lo amenazó con decirle…",con mi de mi de mi lo lo con,con mi de mi de mi lo lo con,2022-05-23 23:59:52+00:00,Twitter Web App,2162,0,0,0,[],['Fabiocolombo_10'],0.0,0.0,Neutral
1528888473129603072,810296682038652928,miguelvill5,False,,"RT @abrahamendieta: Toda mi solidaridad con los empresarios de Aguascalientes, que posiblemente estén recibiendo presiones de Alito Moreno…",mi con de de,mi con de de,2022-05-23 23:59:52+00:00,Twitter Web App,2412,0,0,0,[],['abrahamendieta'],0.0,0.0,Neutral
1528888473092235264,290769895,errecepe,False,"Sant Boi de Llobregat, España","a mi es que me va la marcha recompilando librerías comunes a las tantas de la noche...

acostarte sin saber el alcance, es super... relajante...",mi es la las de la sin saber el es super,mi e la la de la sin saber el e super,2022-05-23 23:59:52+00:00,Twitter Web App,0,0,0,0,[],[],0.6666666666666666,0.3333333333333333,Positive
1528888472836403200,4862055098,MiaMoneta14,False,,los de arriba ya conocen mi propósito a propósito,de arriba ya mi,de arriba ya mi,2022-05-23 23:59:51+00:00,Twitter for Android,0,0,0,0,[],[],0.0,0.0,Neutral
1528888472723128320,162589022,RaulCordovaG,False,El Salvador,"@WalterCoto_ Cuántos batallones al estilo María de los guardias? 
Hay el diputado! No pudo fallar en otra palabra. 🤣🤣🤣🤣
Elemental mi querido Watson. Hay que revisar antes de enviar al infierno.",al de hay el en elemental mi hay antes de al,al de hay el en elemental mi hay ante de al,2022-05-23 23:59:51+00:00,Twitter for Android,0,0,1,0,[],['WalterCoto_'],0.0,0.0,Neutral
1528888472492179458,3165914898,karlogz0,False,Te sigue,"RT @pecadoefimero: LIA ✨
Mi hermosa volvió al equipo del pecado 😈 activa hasta max 12 am ❤️ https://t.co/r8cTlGt0zI",mi al hasta,mi al hasta,2022-05-23 23:59:51+00:00,Twitter for Android,6,0,0,0,[],['pecadoefimero'],0.0,0.0,Neutral
1528888472404361217,392371729,Papa_Gatto,False,Tu mente y corazón ,"@MadameSiimone Aquí por mi casa suenan muy muy fuerte, estoy en Normandía occidental sector 2",mi fuerte en occidental sector,mi fuerte en occidental sector,2022-05-23 23:59:51+00:00,Twitter for iPhone,0,0,4,0,[],['MadameSiimone'],0.0,0.0,Neutral
1528888472248889345,1057101362343960576,o58281981,False,,"RT @GiaKush: Para celebrar el día del niño puse mi OnlyFans al 65% de descuento. ❤
Para que vean como me dan por el chiquito. 💖
Diario podr…",para el mi al de para dan el,para el mi al de para dan el,2022-05-23 23:59:51+00:00,Twitter for Android,2906,0,0,0,[],['GiaKush'],0.0,0.0,Neutral
1528888472207245312,376447675,ImaginaUbb,False,Chile,"RT @ClauMoGo: Mi madre acaba de morir de Covid,alguien asintomático la contagió,desde mi profunda tristeza lo comparto para que mantengan l…",mi de de covid la mi profunda tristeza lo para,mi de de covid la mi profunda tristeza lo para,2022-05-23 23:59:51+00:00,Twitter Web App,853,0,0,0,[],['ClauMoGo'],0.0,0.0,Neutral
1528888472106582017,192017563,dwinps,False,San Jose de Costa Rica,"RT @Melquisedec70: En el discurso anoche / en la calle hoy.

""Mi no entender"", como dice @manolitosalazar https://t.co/qXYf0MQJlm",en el en la hoy mi dice,en el en la hoy mi dice,2022-05-23 23:59:51+00:00,Twitter for iPhone,301,0,0,0,[],"['Melquisedec70', 'manolitosalazar']",0.0,0.0,Neutral
1528888472068448256,1398002939814322182,_sgm1,False,"Xalapa, Veracruz de Ignacio de",Espero a mi visita sin bra ni calzones ? 🤔,mi visita sin bra ni,mi visita sin bra ni,2022-05-23 23:59:51+00:00,Twitter for Android,0,6,35,0,[],[],0.0,0.0,Neutral
1528888471405969410,701537079184863234,Bryanfab99,False,,"RT @inaymmejia: A mi mamá yo quisiera empacarle el mundo y regalárselo, se merece todo lo mejor 🥺💕",mi yo el se lo,mi yo el se lo,2022-05-23 23:59:51+00:00,Twitter for Android,112,0,0,0,[],['inaymmejia'],0.0,0.0,Neutral
1528888471347150855,1526358712453107712,S55287285Kelvin,False,Venezuela ciudad Bolivar,"RT @maryquintana26: Espero estén pasando una linda tarde mi gente, Hoy 23 de mayo día del ave y la flor nacional! #PuebloYGobiernoActivos @…",mi hoy de ave la,mi hoy de ave la,2022-05-23 23:59:51+00:00,Twitter for Android,63,0,0,0,['PuebloYGobiernoActivos'],['maryquintana26'],0.0,0.0,Neutral
1528888471326461952,1432479462621392896,angeloriverense,False,,"@mariuvidal @alferdez a mi si me importa, soy argentino, x q me discriminas? x q soy pelado?",mi si soy soy,mi si soy soy,2022-05-23 23:59:51+00:00,Twitter Web App,0,1,5,0,[],"['mariuvidal', 'alferdez']",0.0,0.0,Neutral
1528888471280046082,1444990462394343425,WilmarRoncancio,False,,RT @Veronicalcocerg: Mi hija @sofiapetroa me contó alarmada que hay casi 500 mil jóvenes de 18 años que no han recogido cédula en Registrad…,mi hay mil de han en,mi hay mil de han en,2022-05-23 23:59:51+00:00,Twitter for Android,5252,0,0,0,[],"['Veronicalcocerg', 'sofiapetroa']",0.0,0.0,Neutral
