tweet_id,author_id,tweet_by,tweet_by_verified,user_location,text,clean_tweet,adjectives,sentiment_text,created_at,source,retweets,replies,likes,quote_count,hastags,mentions,subjectivity,polarity,sentiment
1504608485106888711,1403157601211359235,FirdoseM,True,,What will happen to #IPL once #MSDhoni #ViratKohli #RohithSharma retires from 🏏? #IPL2022,happen,,happen,2022-03-17 23:59:51+00:00,Twitter for iPhone,0,0,0,0,"['IPL', 'MSDhoni', 'ViratKohli', 'RohithSharma', 'IPL2022']",[],0.0,0.0,Neutral
1504608441117167621,973385868202389504,mufaddal_vohra,False,,IPL 2022: Rajasthan Royals Unveil New Jersey In Fun Video Featuring Red Bull Stuntman | WATCH https://t.co/blvU3tMgVL,unveil new jersey fun video red bull watch,unveil new red,unveil new jersey fun video red bull watch,2022-03-17 23:59:41+00:00,WordPress.com,0,0,0,0,[],[],0.21818181818181817,0.14545454545454545,Positive
1504608013780680705,1406809370738925573,Sundarwashi5,True,"Chennai, India ","""The main lesson to learn is that South African players will likely always choose the IPL, and South Africans have to accept that, even if it makes them angry. ""

Brilliant article from @FirdoseM 

https://t.co/dCc85A32l6",main lesson learn south likely always choose south accept even brilliant article,main likely south brilliant,main lesson learn south likely always choose south accept even brilliant article,2022-03-17 23:57:59+00:00,Twitter Web App,0,1,2,0,[],['FirdoseM'],0.7777777777777777,0.35555555555555557,Positive
1504606386709274625,1482099420250312705,bhogleharsha,True,"Mumbai, India",Thinking about selling your home? Get your seller guide today and learn about the process of home selling! https://t.co/nRLxWckm1C https://t.co/MPCgANDwXM,thinking selling home get seller guide today learn process home selling,,thinking selling home get seller guide today learn process home selling,2022-03-17 23:51:31+00:00,Back At You,0,0,0,0,[],[],0.0,0.0,Neutral
1504606037508300801,26676235,DesignerAsh87,False,"Manchester, England","Thinking about selling your home? Get your seller guide today and learn about the process of home selling!

#AtHomeInCarlsbad
#CarlsbadRealtor https://t.co/IlhZFm6fRw https://t.co/UEIm8SMZKY",thinking selling home get seller guide today learn process home selling,,thinking selling home get seller guide today learn process home selling,2022-03-17 23:50:08+00:00,Back At You,0,0,0,0,"['AtHomeInCarlsbad', 'CarlsbadRealtor']",[],0.0,0.0,Neutral
1504605100249169927,305015557,ShuklaRajiv,True,New Delhi,@mufaddal_vohra Bro - Is @Sundarwashi5 fit for IPL since beginning?,fit since beginning,,fit since beginning,2022-03-17 23:46:24+00:00,Twitter for Android,0,0,0,0,[],"['mufaddal_vohra', 'Sundarwashi5']",0.4,0.4,Positive
1504603750714937344,328281762,ICC,True,Dubai,"@bhogleharsha When IPL grows out of control, change its name to ICC. Problem solved.",control change name problem,,control change name problem,2022-03-17 23:41:03+00:00,Twitter for iPhone,0,0,0,0,[],['bhogleharsha'],0.0,0.0,Neutral
1504602617988759561,439040339,TheRealPCB,True,,"IPL 2022: Ravichandran Ashwin and Yuzvendra Chahal in squad, Kumar Sangakkara confident of Rajasthan Royals turnaround https://t.co/QexFC7GvQv",squad confident turnaround,squad confident,squad confident turnaround,2022-03-17 23:36:32+00:00,WordPress.com,0,0,1,0,[],[],0.8333333333333334,0.5,Positive
1504602305299197958,43045840,ImranKhanPTI,True,Pakistan,"Thinking about selling your home? Get your seller guide today and learn about the process of home selling!

Mariella Walsworth
Realtor DRE# 01444479
Keller Williams East... https://t.co/KLKsWZXIiC https://t.co/4aVIYCFdXf",thinking selling home get seller guide today learn process home selling realtor east,,thinking selling home get seller guide today learn process home selling realtor east,2022-03-17 23:35:18+00:00,Back At You,0,0,0,0,[],[],0.0,0.0,Neutral
1504601404618510340,286395302,LoyalSachinFan,False,India,"@DesignerAsh87 exactly , was sniffing around the IPL franchise interested in the money generated would  not know a thing about cricket bit like football",exactly sniffing around franchise interested money would know thing cricket bit like football,interested,exactly sniffing around franchise interested money would know thing cricket bit like football,2022-03-17 23:31:43+00:00,Twitter for Android,0,0,1,0,[],['DesignerAsh87'],0.375,0.25,Positive
1504601123684220930,54182995,JofraArcher,True,Barbados/Hove,Gujarat IPL team promoters couldn’t find three people who could speak proper Gujarati?  https://t.co/aVUYPhGepy,team find people could speak proper,proper,team find people could speak proper,2022-03-17 23:30:36+00:00,Twitter for iPhone,0,1,3,0,[],[],0.1,0.0,Neutral
1504601101684850689,1888212090,TomboyAnarchy_,False,Woops my Anarchy Symbol! ,"Thinking about selling your home? Get your seller guide today and learn about the process of home selling!

Kathleen Rapoza
(951) 660-3779
KathleenRapoza@FirstTeam.com
https://t.co/noJ5T1WYaU https://t.co/TLZzHAjLyJ https://t.co/czaTk1ZgXw",thinking selling home get seller guide today learn process home selling,,thinking selling home get seller guide today learn process home selling,2022-03-17 23:30:31+00:00,Back At You,0,0,0,0,[],['FirstTeam'],0.0,0.0,Neutral
1504600976447221762,1324960595750236160,_FaridKhan,False,Lahore & Istanbul,"IPL 2022: Virat Kohli no longer the aggressive cricketer he used to be, RCB player makes a BIG statement https://t.co/9LyGWaRcgQ",longer aggressive cricketer used player big statement,aggressive big,longer aggressive cricketer used player big statement,2022-03-17 23:30:01+00:00,WordPress.com,0,0,0,0,[],[],0.1,0.0,Neutral
1504599603257221126,462091051,Im__Arfan,False,"Bengaluru, Karnataka",@ShuklaRajiv @ICC @TheRealPCB @ImranKhanPTI 😂😂😂 listen to this legend as well .. OMG he was IPL chairman as well 😂😂😂😂,listen legend well chairman well,listen,listen legend well chairman well,2022-03-17 23:24:34+00:00,Twitter for Android,0,0,1,0,[],"['ShuklaRajiv', 'ICC', 'TheRealPCB', 'ImranKhanPTI']",0.0,0.0,Neutral
1504597929021308930,1407349258387394578,sadhu_aditya,False,"Kolkata, India","@LoyalSachinFan @JofraArcher If he would have played this season
He won't play with mi ...
Be happy what you get 
His name came so late in ipl auction just because he was injured , if his name came before then he would definitely not be playing for MI",would season wo play mi happy get name came late auction injured name came would definitely mi,happy late,would season wo play mi happy get name came late auction injured name came would definitely mi,2022-03-17 23:17:55+00:00,Twitter Web App,1,0,0,0,[],"['LoyalSachinFan', 'JofraArcher']",0.7000000000000001,0.16666666666666666,Positive
1504597740436684800,1142714984,ESPNcricinfo,True,"At the cricket, mainly","@bhogleharsha This kabadi type of cricket t20 shld be restricted and IPL shld be held once in 2 yrs. Promote Test cricket. Being such a wonderful radio commentator in for decades, sad to see you also encourage this kabadi cricket",type cricket restricted promote test cricket wonderful radio commentator sad see also encourage cricket,promote wonderful sad,type cricket restricted promote test cricket wonderful radio commentator sad see also encourage cricket,2022-03-17 23:17:10+00:00,Twitter for Android,0,0,0,0,[],['bhogleharsha'],1.0,0.25,Positive
1504597476317155329,1266662472385265665,CSKFansOfficial,False,"Chennai, India","@TomboyAnarchy_ I’ve used an ipl on my legs, which is like a less powerful version of laser, and it didn’t hurt that much.",used like less powerful version laser hurt,powerful,used like le powerful version laser hurt,2022-03-17 23:16:07+00:00,Twitter for iPhone,0,1,1,0,[],['TomboyAnarchy_'],1.0,0.3,Positive
1504596101122383873,1459227002481877004,DJBravo47,True,,IPL 2022: Anil Kumble opens up on KL Rahul’s strike rate issue https://t.co/ctUS9ms8qq,anil strike rate issue,,anil strike rate issue,2022-03-17 23:10:39+00:00,WordPress.com,0,0,0,0,[],[],0.0,0.0,Neutral
1504595870381129728,1233483875420180480,IPL,True,"Mumbai, India",IPL 2022: ‘Looking Forward to Hitting the Ground Running’ https://t.co/tx73yduB8F,looking forward ground running,,looking forward ground running,2022-03-17 23:09:44+00:00,WordPress.com,0,0,0,0,[],[],0.0,0.0,Neutral
1504595644887015427,1453012582395154441,ChennaiIPL,True,"Chepauk, Chennai",IPL 2022: Delhi Capitals’ Rovman Powell Keen To Learn From Ricky Ponting https://t.co/BGbvameTBa,keen learn,,keen learn,2022-03-17 23:08:50+00:00,WordPress.com,0,0,0,0,[],[],0.0,0.0,Neutral
1504594987580805128,238261308,MrinangoC,False,"𝐾𝑎𝑟𝑖𝑚𝑔𝑎𝑛𝑗,𝐴𝑠𝑠𝑎𝑚",Want to know if you're a good candidate for #IPL? Call us today! #OklahomaCity https://t.co/se2r3MbT2W https://t.co/mqKgjWUdJB,want know good candidate call us today,good,want know good candidate call u today,2022-03-17 23:06:13+00:00,Crystal Clear DM SPC,1,0,0,0,"['IPL', 'OklahomaCity']",[],0.6000000000000001,0.7,Positive
1504594882962227207,1354002980203241477,Usama_Kharal10,False,Canada,@_FaridKhan I hope they lose and then their IPl players get blamed,hope lose get blamed,,hope lose get blamed,2022-03-17 23:05:48+00:00,Twitter for iPad,0,0,1,0,[],['_FaridKhan'],0.0,0.0,Neutral
1504593958680342534,1484770534647037955,cricket_badger,False,Global,Punjab Kings unveil new jersey ahead of IPL 2022 https://t.co/1PV6giZXRJ,unveil new jersey ahead,unveil new,unveil new jersey ahead,2022-03-17 23:02:08+00:00,WordPress.com,0,0,0,0,[],[],0.45454545454545453,0.13636363636363635,Positive
1504593691209461760,1497216518580367367,YCCC33,False,,"South Africa’s IPL Contracted Players To Skip Bangladesh Test Series, Confirms CSA | Cricket News https://t.co/P8t0GH7zoT",south contracted skip test series cricket news,skip,south contracted skip test series cricket news,2022-03-17 23:01:04+00:00,WordPress.com,0,0,0,0,[],[],0.0,0.0,Neutral
1504593504332361741,1198396703193346051,MarshallCAJ3107,False,"Stretton, Staffordshire",(Can Chahal-Ashwin lift Rajasthan Royals to IPL glory?) has been published on Online Cricket News - https://t.co/c4w8lAoa0y,lift glory cricket news,,lift glory cricket news,2022-03-17 23:00:20+00:00,Cric.News,0,0,0,0,[],[],0.0,0.0,Neutral
1504593430135066630,1402855951263141889,Cricketjim84,False,"Yorkshire. No, I'm not racist",Former Blackcap and current Kolkata Knight Riders head coach Brendon McCullum is stoked to be back in India ahead of IPL 2022! https://t.co/u0ohOR8txW,former blackcap current knight head coach back ahead,former current knight,former blackcap current knight head coach back ahead,2022-03-17 23:00:02+00:00,Twitter Web App,2,1,18,0,[],[],0.13333333333333333,0.0,Neutral
1504593242951761927,1450148001025040393,HDetoxMode,False,,IPL 2022: Anil Kumble opens up on KL Rahul’s strike rate issue https://t.co/0FZLPRKMRH,anil strike rate issue,,anil strike rate issue,2022-03-17 22:59:17+00:00,WordPress.com,0,0,0,0,[],[],0.0,0.0,Neutral
1504592670752075777,783024042768949248,TheBarmyArmy,True,All over the world.,@Im__Arfan I read somewhere he was being paid 330 times more for 2 months in IPL than what he would have got playing for South Africa,read somewhere times would got south,,read somewhere time would got south,2022-03-17 22:57:01+00:00,Twitter for Android,0,2,23,0,[],['Im__Arfan'],0.0,0.0,Neutral
1504591861515649054,1401370202277781504,nqatpod,False,Old Trafford,@sadhu_aditya @ESPNcricinfo Most of them have the opportunity to earn more in the 2 months of the ipl and  what they'll in the whole year. Why shouldn't they take that opportunity.,opportunity earn whole take opportunity,whole,opportunity earn whole take opportunity,2022-03-17 22:53:48+00:00,Twitter for Android,0,1,2,0,[],"['sadhu_aditya', 'ESPNcricinfo']",0.4,0.2,Positive
1504591785259335684,1027778047,ANANDSUMIT161,False,"Vellore, India",@CSKFansOfficial @DJBravo47 @IPL @ChennaiIPL Wow that's time for CSK champion song!,wow time champion song,wow,wow time champion song,2022-03-17 22:53:30+00:00,Twitter for Android,0,0,0,0,[],"['CSKFansOfficial', 'DJBravo47', 'IPL', 'ChennaiIPL']",1.0,0.1,Positive
1504591682481836044,1492345094745518083,Perko78,False,,"South Africa’s IPL Contracted Players To Skip Bangladesh Test Series, Confirms CSA | Cricket News https://t.co/RlhxampJgy",south contracted skip test series cricket news,skip,south contracted skip test series cricket news,2022-03-17 22:53:05+00:00,WordPress.com,0,0,0,0,[],[],0.0,0.0,Neutral
1504591502181380099,1271746363953278976,cricketcomau,True,Australia,Punjab Kings unveil new jersey ahead of IPL 2022 https://t.co/8Uh0LAMlau,unveil new jersey ahead,unveil new,unveil new jersey ahead,2022-03-17 22:52:22+00:00,WordPress.com,0,0,0,0,[],[],0.45454545454545453,0.13636363636363635,Positive
1504591461459070976,1027778047,LBerojya,False,India,"@bhogleharsha IPL level of cricket is very competitive, and no inch given. I am sure professional players realise how their talent is tested here. It's not money anymore, but playing for the fans and pride!",level cricket competitive inch given sure professional talent tested money pride,competitive sure professional,level cricket competitive inch given sure professional talent tested money pride,2022-03-17 22:52:13+00:00,Twitter for Android,0,1,3,0,[],['bhogleharsha'],0.4944444444444444,0.3,Positive
1504591066107768857,1401370202277781504,MikeLUHG2,False,,@MrinangoC @Usama_Kharal10 @ESPNcricinfo They want ipl to grow more so they can copy more ideas. Khud se kuch hota toh hai nahi. Aur idhar aake rr karenge ipl is killing internationally cricket.,want grow copy se killing internationally cricket,,want grow copy se killing internationally cricket,2022-03-17 22:50:38+00:00,Twitter for Android,0,0,4,0,[],"['MrinangoC', 'Usama_Kharal10', 'ESPNcricinfo']",0.0,0.0,Neutral
1504590671914872833,1379485428957335554,AMP86793444,False,"Leicester, England","The young fast bowler recalls his first piece of advice from MS Dhoni after joining CSK camp and engages in banter with the captain. Read to know more
#MSDhoni𓃵 #IPL2022 #CSK #RajvardhanHangargekar
https://t.co/jD4wZTWUhq",young fast bowler first piece advice dhoni joining camp banter captain read know,young first,young fast bowler first piece advice dhoni joining camp banter captain read know,2022-03-17 22:49:04+00:00,Twitter Web App,1,0,0,0,"['MSDhoni𓃵', 'IPL2022', 'CSK', 'RajvardhanHangargekar']",[],0.4444444444444444,0.18333333333333335,Positive
1504590391987044358,1095925742867603458,thim_ponnappa,False,"Pennsylvania, USA",@mufaddal_vohra Along the worst Jersey of IPL,along worst jersey,,along worst jersey,2022-03-17 22:47:58+00:00,Twitter Web App,0,0,0,0,[],['mufaddal_vohra'],1.0,-1.0,Negative
1504590124495081477,1224643780730445824,merelaurepe,False,,"South Africa’s IPL Contracted Players To Skip Bangladesh Test Series, Confirms CSA | Cricket News https://t.co/cbkZCyZUAi",south contracted skip test series cricket news,skip,south contracted skip test series cricket news,2022-03-17 22:46:54+00:00,WordPress.com,0,0,0,0,[],[],0.0,0.0,Neutral
1504590073324519428,165681989,TheLegateIN,False,Asia,@cricket_badger @YCCC33 @MarshallCAJ3107 @Cricketjim84 😂 Saving myself for the @IPL podcasts… 😉,saving,,saving,2022-03-17 22:46:42+00:00,Twitter for iPhone,0,0,1,0,[],"['cricket_badger', 'YCCC33', 'MarshallCAJ3107', 'Cricketjim84', 'IPL']",0.0,0.0,Neutral
1504589992584261635,1123412040884690944,CricCrazyJ0hns,False,Sarcasm/facts ,"Retracements - #stocks pulling back from recent highs

$AUH $QXR $WHC $MLS $IPL $GOR $DEG $IMA $AJL $CMM

+14 more results. Scans update every 5 secs.
#asx #ausbiz
https://t.co/3V2X6w415N",stocks back recent auh gor deg update every,recent,stock back recent auh gor deg update every,2022-03-17 22:46:22+00:00,Zapier.com,0,0,0,0,"['stocks', 'asx', 'ausbiz']",[],0.125,0.0,Neutral
1504589458213150722,1320807298105749504,DSlatts,False,"Spotswood, Melbourne","IPL 2022 

GUJRAT TITANS PREDICTION 
GUJRAT TITANS SQUAD 

GUJRAT TITANS KYA IPL 2022 KA CUP JITEGI ??? 

YOUTUBE VIDEO LINK
 https://t.co/eZ7e5w7yQE",prediction squad ka cup video link,cup,prediction squad ka cup video link,2022-03-17 22:44:15+00:00,Twitter for Android,0,0,0,0,[],[],0.0,0.0,Neutral
1504589420036386839,1394054760358027265,ahmedjamalmalik,False,"Lahore, Pakistan",2500W OPT IPL ND Yag Laser Tattoo Hair Removal Skin Whiten Rejuvenation Machine https://t.co/rSMblLx0Bx eBay https://t.co/ZjTFlREhVG,opt laser tattoo hair removal skin whiten rejuvenation machine,removal whiten,opt laser tattoo hair removal skin whiten rejuvenation machine,2022-03-17 22:44:06+00:00,dlvr.it,0,0,0,0,[],[],0.0,0.0,Neutral
1504588804082044936,1419780093904252969,alam_sakif,False,"Dhaka, Bangladesh","Thinking about selling your home? Get your seller guide today and learn about the process of home selling!

Ingrid Lepinette - REALTOR®
Keller Williams Southern Nevada
10424 S. Eastern Ave, Suite 200
Henderson, NV 89052
Office: 7... https://t.co/fJYVyjkWrZ https://t.co/2LwAJ8KzUj",thinking selling home get seller guide today learn process home selling southern eastern ave suite office,southern eastern suite,thinking selling home get seller guide today learn process home selling southern eastern ave suite office,2022-03-17 22:41:39+00:00,Back At You,0,0,0,0,[],[],0.0,0.0,Neutral
1504588374262308870,1424396739017072647,iSoumikSaheb,False,"Dhaka, Bangladesh",@HDetoxMode @TheBarmyArmy Have you though that maybe that’s why Stokes decided to skip the  IPL? Because he was failing in tests and needed to give it all of his focus?,though maybe decided skip failing give focus,skip give,though maybe decided skip failing give focus,2022-03-17 22:39:56+00:00,Twitter for iPhone,0,1,4,0,[],"['HDetoxMode', 'TheBarmyArmy']",0.0,0.0,Neutral
1504587238155370497,1218759260,gauravkapur,True,"Mumbai, India",@nqatpod Yeah looks like they low balled it as usual with the IPL franchise hoping for a big return down the line similar to United and Bucs while taking a nice dividend where can https://t.co/R5WfYaJ9pJ,yeah like low balled usual franchise big return line similar united taking nice dividend,low usual big similar taking nice,yeah like low balled usual franchise big return line similar united taking nice dividend,2022-03-17 22:35:26+00:00,Twitter for iPhone,0,0,0,0,[],['nqatpod'],0.41,0.06999999999999999,Positive
1504586794779967490,1472806689288048640,ChinaPumpWXC,False,Mars,"What are the alternatives for #csk in place of #chahar for the first 2 weeks, if he misses out #TATAIPL2022 ? Check out:

https://t.co/2YNzy2YxPS",place chahar first check,,place chahar first check,2022-03-17 22:33:40+00:00,Twitter Web App,0,0,1,0,"['csk', 'chahar', 'TATAIPL2022']",[],0.3333333333333333,0.25,Positive
1504586271032754177,563446707,JJWatt,True,United States of America,"Thinking about selling your home? Get your seller guide today and learn about the process of home selling!

Lakesha Sheppard, Realtor
lakesha.sheppard75@gmail.com
352-281-9785 https://t.co/xK1A97KTgT https://t.co/J53vYB5ajK",thinking selling home get seller guide today learn process home selling realtor,,thinking selling home get seller guide today learn process home selling realtor,2022-03-17 22:31:35+00:00,Back At You,0,0,0,0,[],['gmail'],0.0,0.0,Neutral
1504586240741548037,1217538428344197123,khushbookadri,False,"Mumbai, India","Thinking about selling your home? Get your seller guide today and learn about the process of home selling!

Dave Rossa https://t.co/XkViW8BAmm https://t.co/BBUxEcAq4a",thinking selling home get seller guide today learn process home selling,,thinking selling home get seller guide today learn process home selling,2022-03-17 22:31:28+00:00,Back At You,0,0,0,0,[],[],0.0,0.0,Neutral
1504586224434040841,973385868202389504,khannashaile,False,"Gurgaon, India","Mumbai Indians Begin Preparation for IPL; Kishan, Rohit, Bumrah Join Squad https://t.co/KBlUC4lxFl",begin preparation join squad,,begin preparation join squad,2022-03-17 22:31:24+00:00,WordPress.com,0,0,0,0,[],[],0.0,0.0,Neutral
1504586100442120194,916997777883848704,MikeHaysman,False,"West Hollywood, Los Angeles CA","@ANANDSUMIT161 @Perko78 @cricketcomau What are you on about mate? IPL is not even in the top 25 tournaments in any official list over the internet, but do you know what is? Cricket World Cup🙂 and surely skipping matches for your national team does not help to grow international cricket. Pathetic mindset  just shhhhh",mate even top official list know cricket world surely skipping national team help grow international cricket pathetic,top official national international,mate even top official list know cricket world surely skipping national team help grow international cricket pathetic,2022-03-17 22:30:54+00:00,Twitter for Android,0,1,2,0,[],"['ANANDSUMIT161', 'Perko78', 'cricketcomau']",0.5972222222222222,0.0,Neutral
1504585903989305352,1397261763498807299,FazalhuqFarooqi,False,Afghanistan,"England have declared at 507/9. A marvelous batting efforts from Joe Root and Ben Stokes to take England to a massive total, Lawrence also played well for his 91. 

#sachin #ipl #worldcup #rohitsharma #cricket #didyouknow #indiavssouthafrica #kohli #iplt22 #ipl",declared marvelous batting joe root ben take massive total also well cricket,marvelous massive,declared marvelous batting joe root ben take massive total also well cricket,2022-03-17 22:30:08+00:00,Twitter,1,0,0,0,"['sachin', 'ipl', 'worldcup', 'rohitsharma', 'cricket', 'didyouknow', 'indiavssouthafrica', 'kohli', 'iplt22', 'ipl']",[],0.9166666666666666,0.3333333333333333,Positive
1504585873412616198,6509832,SunRisers,True,Hyderabad,"Here are the five Punjab Kings players to watch out for in IPL 2022.

https://t.co/HVXLtNV0is",watch,,watch,2022-03-17 22:30:00+00:00,TweetDeck,0,0,1,0,[],[],0.0,0.0,Neutral
1504585712863264772,1480599342486589441,CVL_CRYPTO,False,,"IPL 2022: Virat Kohli no longer the aggressive cricketer he used to be, RCB player makes a BIG statement https://t.co/ZO5VHRmPur",longer aggressive cricketer used player big statement,aggressive big,longer aggressive cricketer used player big statement,2022-03-17 22:29:22+00:00,WordPress.com,0,0,0,0,[],[],0.1,0.0,Neutral
1504585640809218049,2955731730,KKRiders,True,Kolkata,@LBerojya It was betting and not players but due to management that too bcoz of 1 person it happened. Yet they came and won an #ipl immediately under the greatest captain ever #Dhoni and then they went to final the very next season and won last year too that’s what #csk can do,betting due management person yet came immediately captain ever dhoni went final season last,due captain final last,betting due management person yet came immediately captain ever dhoni went final season last,2022-03-17 22:29:05+00:00,Twitter for iPhone,1,0,0,0,"['ipl', 'Dhoni', 'csk']",['LBerojya'],0.48055555555555557,-0.041666666666666664,Negative
1504585167536594950,1218759260,amazon,True,"Seattle, Washington","@nqatpod Didn’t they try and fail to buy one of the recent IPL expansion franchises and had to resort to one of these teams instead, probably had to front the cash rather than leverage was the problem!",try fail buy recent expansion resort instead probably front cash rather leverage problem,recent front,try fail buy recent expansion resort instead probably front cash rather leverage problem,2022-03-17 22:27:12+00:00,Twitter for iPhone,0,1,0,0,[],['nqatpod'],0.27499999999999997,-0.25,Negative
1504584848601542674,408849866,Jaspritbumrah93,True,"Ahmedabad city ,India",@bhogleharsha There should be an equivalent IPL of test cricket. It will lift test cricket standards. India will be better off playing high quality domestic cricket be wasting time with sub standard international teams,equivalent test cricket lift test cricket better high quality domestic cricket wasting time sub standard international,equivalent high domestic sub standard international,equivalent test cricket lift test cricket better high quality domestic cricket wasting time sub standard international,2022-03-17 22:25:56+00:00,Twitter for iPhone,0,0,0,0,[],['bhogleharsha'],0.22800000000000004,0.132,Positive
1504576784825610255,1480646379407953920,kehnahikyaax,False,,"@kehnahikyaax Was I the only one who knew you wouldn't leave and was chill AF? Like I was like IPL season is around the corner plus this girl loves bhankas too much to leave. I just knew, lol.",knew would leave chill like like season around corner plus girl leave knew,girl,knew would leave chill like like season around corner plus girl leave knew,2022-03-17 21:53:53+00:00,Twitter for Android,0,0,2,1,[],['kehnahikyaax'],0.0,0.0,Neutral
1504576708032098310,2167136592,bhogleharsha,True,"Mumbai, India","@bhogleharsha Move IPL to once in 2 years and adjust intl schedules accordingly... if both are happening at the same time , it’s not players fault to chose high paying temp job...remember India cancelled last Eng test and came flying for IPL🤷‍♂️",move adjust accordingly happening time fault chose high paying temp job remember last test came flying,high temp last,move adjust accordingly happening time fault chose high paying temp job remember last test came flying,2022-03-17 21:53:35+00:00,Twitter for iPhone,0,1,2,0,[],['bhogleharsha'],0.3033333333333333,0.08,Positive
1504576471289196544,1379485428957335554,Kohli4ever,False,Ahead of time,"Can RCB win their maiden IPL title this season? RCB new recruit Dinesh Karthik calls Faf du Plessis a 'terrific guy' and shows faith in his captaincy skills.
#FafDuPlessis #IPL #IPL2022 #DineshKarthik #RCB 
https://t.co/I9VrJZ3M61",win maiden title season new recruit guy faith captaincy,maiden new,win maiden title season new recruit guy faith captaincy,2022-03-17 21:52:39+00:00,Twitter Web App,3,0,3,0,"['FafDuPlessis', 'IPL', 'IPL2022', 'DineshKarthik', 'RCB']",[],0.42727272727272725,0.4681818181818182,Positive
1504576131952898048,1436379239884804096,imboyaman,False,"Delhi, India",@Kohli4ever Jaddu is giving chance to shakib and stokes to go above him in test ranking due to IPL so get lost,giving chance go test due get lost,due,giving chance go test due get lost,2022-03-17 21:51:18+00:00,Twitter Web App,0,0,0,0,[],['Kohli4ever'],0.375,-0.125,Negative
1504575706369511433,1301537094565683200,mshaanshahid,True,"Lahore, Pakistan",IPL 2022 Dale Steyn will be seen in a new role in IPL arrives in India to start a new innings https://t.co/qRfcacolmD,dale seen new role start new,new new,dale seen new role start new,2022-03-17 21:49:36+00:00,WordPress.com,0,0,0,0,[],[],0.45454545454545453,0.13636363636363635,Positive
1504575524789952512,1328328066540552195,Mani007Usman,False,پاکستان,@imboyaman AND ipl is not toxic it's just entertainment,toxic entertainment,toxic,toxic entertainment,2022-03-17 21:48:53+00:00,Twitter for Android,0,1,1,0,[],['imboyaman'],0.0,0.0,Neutral
1504575476521926656,2485536548,ImranKhanPTI,True,Pakistan,@mshaanshahid @Mani007Usman @ImranKhanPTI Politics main IPL!!!,politics main,main,politics main,2022-03-17 21:48:41+00:00,Twitter for Android,0,0,0,0,[],"['mshaanshahid', 'Mani007Usman', 'ImranKhanPTI']",0.3333333333333333,0.16666666666666666,Positive
1504575225374994442,1207863088424345600,Abhinandan673,False,Himachal Pradesh,"@Abhinandan673 @WeirdlyGripping @cricbuzz Direct help Zero 😬
I do watch IPL but much lesser volume. I meant cricket unlike other global sports in baby step of corporate franchise level plus format interference. Let’s discuss in space when we get a chance , here limitations.

Obviously do agree with your, WG words.",direct help zero watch lesser volume meant cricket unlike global sports baby step corporate franchise level plus format interference let discuss space get chance obviously agree,direct global baby corporate format agree,direct help zero watch lesser volume meant cricket unlike global sport baby step corporate franchise level plus format interference let discus space get chance obviously agree,2022-03-17 21:47:42+00:00,Twitter for iPhone,0,1,2,0,[],"['Abhinandan673', 'WeirdlyGripping', 'cricbuzz']",0.27999999999999997,0.02,Positive
1504575194308161537,871441534083674112,WeirdlyGripping,False,देवलोक,@bhogleharsha IPL shouldn't be growing larger in expenss of International cricket.,growing international cricket,international,growing international cricket,2022-03-17 21:47:34+00:00,Twitter for Android,0,0,3,0,[],['bhogleharsha'],0.0,0.0,Neutral
1504574713015812103,1324960595750236160,cricbuzz,True,,IPL 2022: Rohit Sharma’s MI wins hearts with special holi gift to other 9 franchises – check here https://t.co/hJexIYBxj1,mi hearts special gift check,special,mi heart special gift check,2022-03-17 21:45:39+00:00,WordPress.com,0,0,0,0,[],[],0.5714285714285714,0.35714285714285715,Positive
1504574637560279048,973385868202389504,HTSportsNews,True,India,IPL 2022: ‘Hardik Pandya and I Will Have to Take a Lot of Responsibility’-Rahul Tewatia https://t.co/8ARFr73rCx,take lot responsibility,,take lot responsibility,2022-03-17 21:45:21+00:00,WordPress.com,0,0,0,0,[],[],0.0,0.0,Neutral
1504574629083496455,1075507277346435072,HindustanTimes,True,"New Delhi, India","Thinking about selling your home? Get your seller guide today and learn about the process of home selling!

Renee Morrison
REALTOR®
Cheryl&amp;Co Real Estate https://t.co/GVL9eSYC2j https://t.co/uKSz9Z7IhU",thinking selling home get seller guide today learn process home selling real estate,real,thinking selling home get seller guide today learn process home selling real estate,2022-03-17 21:45:19+00:00,Back At You,0,0,0,0,[],[],0.30000000000000004,0.2,Positive
1504574074995019780,492738052,cricroyale,False,"Concord, NH","Thinking about selling your home? Get your seller guide today and learn about the process of home selling!

Jamie Broadhurst
843.424.0340
jamie@century21broadhurst.com https://t.co/fFK4FUMif7 https://t.co/yFkFs1brq9",thinking selling home get seller guide today learn process home selling,,thinking selling home get seller guide today learn process home selling,2022-03-17 21:43:07+00:00,Back At You,0,0,0,0,[],['century21broadhurst'],0.0,0.0,Neutral
1504574066480467968,1504546471705812998,WhellumAnthony,False,"Adelaide, South Australia","IPL Ticket Booking 2022 Start Date, Price, How to Book Online: Check Details https://t.co/YaIK3xi9XN",ticket booking start date price book check,start,ticket booking start date price book check,2022-03-17 21:43:05+00:00,WordPress.com,0,0,0,0,[],[],0.0,0.0,Neutral
1504574057638817809,127943720,cricketcomau,True,Australia,IPL 2022: MS Dhoni reveals reason behind his iconic ‘Number 7’ jersey https://t.co/DKDmL4Ou4p #Cricket #Sports,dhoni reason behind iconic number jersey cricket sports,iconic,dhoni reason behind iconic number jersey cricket sport,2022-03-17 21:43:03+00:00,dlvr.it,1,0,0,0,"['Cricket', 'Sports']",[],0.6,0.04999999999999999,Positive
1504573931084476417,1555927806,MIT_CSAIL,True,"Cambridge, MA","@HTSportsNews Sachin IPL Record
First Indian to win Orange Cap, Player of the Tournament, at that time fastest Indian to reach 1000  2000 runs inning wise, First Indian Captain to score 500+ runs in 2 seasons, In IPL2010 awards won Best Captain and Best Batsman, Oldest Indian to score Hundred.",record first win orange cap player tournament time reach inning wise first captain score best captain best batsman score hundred,win tournament,record first win orange cap player tournament time reach inning wise first captain score best captain best batsman score hundred,2022-03-17 21:42:33+00:00,Twitter Web App,0,0,0,0,[],['HTSportsNews'],0.42777777777777776,0.6666666666666666,Positive
1504573838855598081,1416303101066104839,Shu66523268,False,India 🇮🇳,"Kumar Sangakkara - Ashwin is one of the best spinners in the world. I can vouch that he is an absolute nightmare to face as a left hand batter. 
#IPL #RR
I was very keen to getting Ash in the team and happy that we could get both Ash and Chahal. 

###",best world vouch absolute nightmare face left hand batter keen getting ash team happy could get ash,vouch ash ash,best world vouch absolute nightmare face left hand batter keen getting ash team happy could get ash,2022-03-17 21:42:11+00:00,Twitter Web App,8,0,59,0,"['IPL', 'RR']",[],0.55,0.5,Positive
1504573781150691328,1555927806,ICC,True,Dubai,"@HindustanTimes Sachin IPL Record
First Indian to win Orange Cap, Player of the Tournament, at that time fastest Indian to reach 1000  2000 runs inning wise, First Indian Captain to score 500+ runs in 2 seasons, In IPL2010 awards won Best Captain and Best Batsman, Oldest Indian to score Hundred.",record first win orange cap player tournament time reach inning wise first captain score best captain best batsman score hundred,win tournament,record first win orange cap player tournament time reach inning wise first captain score best captain best batsman score hundred,2022-03-17 21:41:57+00:00,Twitter Web App,0,0,0,0,[],['HindustanTimes'],0.42777777777777776,0.6666666666666666,Positive
1504573634559594499,2356017803,TheRealPCBMedia,True,"Lahore, Pakistan",@bhogleharsha Are you happy they opted to play in ipl over the test series,happy play test series,happy,happy play test series,2022-03-17 21:41:22+00:00,Twitter for iPhone,0,0,0,0,[],['bhogleharsha'],1.0,0.8,Positive
1504573487805079557,189633882,BCCI,True,India,"7DaysToGo IPL Starts🥳🥁
Yellove Boys Are Ready💛🔥
#CSK 
#YelloveArmy 
#beast https://t.co/cIhv0Hh2rS",beast,,beast,2022-03-17 21:40:47+00:00,Twitter for Android,0,0,2,0,"['CSK', 'YelloveArmy', 'beast']",[],0.0,0.0,Neutral
1504573336625774592,84828593,iramizraja,True,World,IPL mass incoming 🔥❤️ https://t.co/EsN1XxMr9e,mass incoming,,mass incoming,2022-03-17 21:40:11+00:00,Twitter for Android,0,0,1,0,[],[],0.0,0.0,Neutral
1504573259882405898,1500724504041078789,FarziCricketer,False,India,"IPL Ticket Booking 2022 Start Date, Price, How to Book Online: Check Details https://t.co/v4AQhj96TR",ticket booking start date price book check,start,ticket booking start date price book check,2022-03-17 21:39:53+00:00,WordPress.com,0,0,0,0,[],[],0.0,0.0,Neutral
1504573190001111046,1474293979260899341,NigamRajput45,False,papanahimanege,"IPL Ticket Booking 2022 Start Date, Price, How to Book Online: Check Details https://t.co/ko41wtxy2U",ticket booking start date price book check,start,ticket booking start date price book check,2022-03-17 21:39:36+00:00,WordPress.com,0,0,0,0,[],[],0.0,0.0,Neutral
1504573086741397504,1337005510382403584,OfficialCSA,True,,@cricroyale @WeirdlyGripping @cricbuzz But Sir how many test playing nations have been helped by IPL till date ? I respect your views.. but i don't understand how IPL helps in improving test cricket status in any nation ?,sir test till date respect understand improving test cricket status nation,sir,sir test till date respect understand improving test cricket status nation,2022-03-17 21:39:12+00:00,Twitter for Android,0,1,2,0,[],"['cricroyale', 'WeirdlyGripping', 'cricbuzz']",0.0,0.0,Neutral
1504573068299350019,29400165,SACricketmag,False,"Cape Town, South Africa",@WhellumAnthony @cricketcomau Can't blame them. Its like going to work on slave labour play test match compare to IPL.,ca blame like going work slave labour play test match compare,labour,ca blame like going work slave labour play test match compare,2022-03-17 21:39:07+00:00,Twitter Web App,0,1,4,0,[],"['WhellumAnthony', 'cricketcomau']",0.0,0.0,Neutral
1504572727692251138,478789389,ESPNcricinfo,True,"At the cricket, mainly","Thinking about selling your home? Get your seller guide today and learn about the process of home selling!

Gail Bullard
910-384-8045
Realty World-Graham/Grubbs &amp; Associates https://t.co/QksrdoYIyp https://t.co/uG5qmLDUm9",thinking selling home get seller guide today learn process home selling realty,,thinking selling home get seller guide today learn process home selling realty,2022-03-17 21:37:46+00:00,Back At You,0,0,0,0,[],[],0.0,0.0,Neutral
1504572436532109313,17168776,IPL,True,"Mumbai, India","@MIT_CSAIL 49: Assembler
52:Autocode
4:IPL
7:FORTRAN
8:LISP-ALGOL
9:COBOL-RPG
62:APL
4:BASIC-PL/I
70:Pascal-Forth
2:C-Prolog-Smalltalk
7:AWK
9:Ada
80:C++
6:Erlang
8:Perl
91:Python-VB
3:R-Lua
5:PHP-Java-JavaScript-Ruby
01:C#
3:Scala
7:Clojure
9:Go
10:Rust
11:Dart
12:Kotlin-Elixir
14:Swift",assembler scala go rust dart swift,rust,assembler scala go rust dart swift,2022-03-17 21:36:37+00:00,Twitter Web App,2,0,2,0,[],['MIT_CSAIL'],0.0,0.0,Neutral
1504571596031557632,1555927806,mufaddal_vohra,False,,"@Shu66523268 First Indian  more than 500 runs in IPL in two different seasons as a captain.
First Indian as a Captain more than 500 runs in IPL in two different seasons.
At that time Fastest Indian to reach 1000, 2000 run mark inning wise.
Best Batsman and Best Captain in IPL Awards 2010.",first different captain first captain different time reach run mark inning wise best batsman best captain,different different,first different captain first captain different time reach run mark inning wise best batsman best captain,2022-03-17 21:33:16+00:00,Twitter Web App,0,1,1,0,[],['Shu66523268'],0.4809523809523809,0.4571428571428572,Positive
1504571555736702985,19350828,ShuklaRajiv,True,New Delhi,"Thinking about selling your home? Get your seller guide today and learn about the process of home selling!

Robert Sousa. Realtor
805.460.3000
Compass. CA DRE. 01774193 https://t.co/8zmA2LBd2S https://t.co/R7xUGGz9ne",thinking selling home get seller guide today learn process home selling realtor compass ca,,thinking selling home get seller guide today learn process home selling realtor compass ca,2022-03-17 21:33:07+00:00,Back At You,0,0,0,0,[],[],0.0,0.0,Neutral
1504571448697843718,1020359077732540416,TheRealPCB,True,,"Now india should conduct IPL in Pakistan 🔥😂
@ICC 
@TheRealPCBMedia 
@BCCI 
@iramizraja https://t.co/6OgtsZVhQ0",conduct,,conduct,2022-03-17 21:32:41+00:00,Twitter for Android,0,0,0,0,[],"['ICC', 'TheRealPCBMedia', 'BCCI', 'iramizraja']",0.0,0.0,Neutral
1504571193508122625,1476617329056358408,ReginaP_123,False,Pluto,"Funny and Amazing Moments of Cricket!

Ipl amazing moments
Cricket ipl moments
Test match moment
Ipl 2022 moments
Cricket moment

cricket live,
cricket highlights,
cricket tik tok,
cricket match,
cricket australia,
cricket song,
cricket ki  # # # # # #

https://t.co/AVz7Ztzwj2",funny amazing cricket amazing cricket test match moment cricket moment cricket live cricket cricket cricket match cricket cricket song cricket,funny,funny amazing cricket amazing cricket test match moment cricket moment cricket live cricket cricket cricket match cricket cricket song cricket,2022-03-17 21:31:40+00:00,Blog2Social APP,0,0,0,0,[],[],0.825,0.3965909090909091,Positive
1504571191004176385,1429454244,HammondVisagie,False,"Port Elizabeth, South Africa","@bhogleharsha IPL is here to stay and will rule world cricket, that is the fact and future cricket has,",stay rule world cricket fact future cricket,,stay rule world cricket fact future cricket,2022-03-17 21:31:40+00:00,Twitter for iPhone,0,0,0,0,[],['bhogleharsha'],0.125,0.0,Neutral
1504571060368326657,89730865,MalikSa11065709,False,,"NEXT WEDNESDAY (3/23/22): IPL Genealogy Group – When the Wave Crashes Down: Key Search Strategies for “Surfing” the Internet for Your Ancestors

REGISTER HERE: https://t.co/i75sI3n5cg https://t.co/VeyiGo9X5d",genealogy group wave key search register,,genealogy group wave key search register,2022-03-17 21:31:09+00:00,Twitter Web App,0,0,0,0,[],[],1.0,0.0,Neutral
1504571055683387399,1418499111062474756,Ibrahim02114,False,,@FarziCricketer The next two months will feel like two decades … IPL lasts longer than a Bollywood movie 😂😂,feel like longer movie,,feel like longer movie,2022-03-17 21:31:07+00:00,Twitter for iPhone,0,0,1,0,[],['FarziCricketer'],0.0,0.0,Neutral
1504571044581249025,2795707683,Mass_IPL,False,Massachusetts,"@NigamRajput45 One fav player from each team in IPL 

DC - shaw
MI - surya
CSK - moeen ali
KKR - shreyas
SRH - pooran
RCB - kohli
GT - rashid 
LSG - avesh 
RR - boult
KXIP - rabada",player team shaw mi,,player team shaw mi,2022-03-17 21:31:05+00:00,Twitter Web App,0,0,0,0,[],['NigamRajput45'],0.0,0.0,Neutral
1504571006182375424,270788428,ComActionWorks,False,,"@bhogleharsha You sounded like it's a good think (I'm so badly hoping you're not). Because, no matter what- playing for your country MUST get the highest priority. I thought you had the same belief, too! @OfficialCSA @SACricketmag @ESPNcricinfo @IPL @ICC #BANvsSA #SavsBan #IPL2022",like good think badly matter country must get highest priority thought belief,good matter,like good think badly matter country must get highest priority thought belief,2022-03-17 21:30:56+00:00,Twitter Web App,0,0,0,0,"['BANvsSA', 'SavsBan', 'IPL2022']","['bhogleharsha', 'OfficialCSA', 'SACricketmag', 'ESPNcricinfo', 'IPL', 'ICC']",0.6333333333333333,5.551115123125783e-17,Positive
1504570894345244679,41735172,350Mass,False,Massachusetts,"I know it was a generation ago, but when the IPL was established, I believe there was a clause that you couldn’t miss international cricket for your country, if you were fit, to play the IPL. Whatever happened to that clause? 🤔 https://t.co/PcAfj7OpCu",know generation ago established believe clause miss international cricket country fit play whatever clause,miss international,know generation ago established believe clause miss international cricket country fit play whatever clause,2022-03-17 21:30:29+00:00,Twitter for iPhone,0,0,0,0,[],[],0.2,0.2,Positive
1504570869967986693,35673286,BostonClimate,False,"Boston, MA","Thinking about selling your home? Get your seller guide today and learn about the process of home selling!

Anita Rich | The Rich Group | 818-632-2258 https://t.co/GTYX0WXjz5 https://t.co/83VYzMA8Hy",thinking selling home get seller guide today learn process home selling rich rich group,rich rich,thinking selling home get seller guide today learn process home selling rich rich group,2022-03-17 21:30:23+00:00,Back At You,0,0,0,0,[],[],0.75,0.375,Positive
1504570804306071556,1397261763498807299,JClimateAN,False,"Boston, MA","9 days to go for IPL 2022. 

#cricketmerijaan #indvssa #icc #cricketmerijaan #worldcup #icc #tendulkar #icc #testcricket #kohli",days go,,day go,2022-03-17 21:30:07+00:00,Twitter,1,0,0,0,"['cricketmerijaan', 'indvssa', 'icc', 'cricketmerijaan', 'worldcup', 'icc', 'tendulkar', 'icc', 'testcricket', 'kohli']",[],0.0,0.0,Neutral
1504570775151554560,2778620568,GreenRootsEJ,False,"Chelsea, MA","Please confirm your voter registration is current at Interfaith Power &amp; Light’s online voter portal:

https://t.co/OpgLeIEb7h

Once you’ve done that, share widely! 

Voting is the central sacrament of our democracy",please confirm voter registration current power light voter portal done share widely voting central sacrament democracy,confirm current central,please confirm voter registration current power light voter portal done share widely voting central sacrament democracy,2022-03-17 21:30:01+00:00,Buffer,0,0,0,0,[],[],0.4375,0.07500000000000001,Positive
1504570601796947971,2472431218,MOF_Mass,False,Massachusetts,"@mufaddal_vohra Worst of the IPL.

RCB has the best of IPL. Even DC has better tshirt than this!",worst best even better,,worst best even better,2022-03-17 21:29:19+00:00,Twitter for iPhone,0,0,0,0,[],['mufaddal_vohra'],0.6,0.16666666666666666,Positive
1504570393587118081,61554625,CAN_mass,False,Western Massachusetts,"@bhogleharsha Don't have a problem with cricketers wanting to secure their futures by making some money, but SA cricketers don't really influence anything and only get influenced by money, be it IPL or Kolpac. And as far as the IPL is concerned, it's a waste of time for pure cricket lovers!!!",problem wanting secure making money sa really influence anything get money far concerned waste time pure cricket,concerned,problem wanting secure making money sa really influence anything get money far concerned waste time pure cricket,2022-03-17 21:28:30+00:00,Twitter for Android,0,2,1,0,[],['bhogleharsha'],0.45999999999999996,0.14285714285714285,Positive
1504570359399563266,1183735805723983873,Perko78,False,,"Thinking about selling your home? Get your seller guide today and learn about the process of home selling!

Rosie Marin,
Your Texas Realtor ® https://t.co/nWj0QESfq7 https://t.co/B2CPjyErQp",thinking selling home get seller guide today learn process home selling realtor,,thinking selling home get seller guide today learn process home selling realtor,2022-03-17 21:28:21+00:00,Back At You,0,0,0,0,[],[],0.0,0.0,Neutral
1504570009854824448,978007049362690048,LucknowIPL,True,"Lucknow, India","@ShuklaRajiv @ICC @TheRealPCB @ImranKhanPTI And this man was IPL's chairman? Abhay Saaly, he is saying this in Political terms and Jurat dekho Is Bandar ki Imran khan aur PCB ko tag kar rha Begherat.",man chairman saying political jurat bandar khan ko tag,political,man chairman saying political jurat bandar khan ko tag,2022-03-17 21:26:58+00:00,Twitter for Android,0,0,1,0,[],"['ShuklaRajiv', 'ICC', 'TheRealPCB', 'ImranKhanPTI']",0.1,0.0,Neutral
1504569863288733696,40859029,Imhp33,False,,@cricketcomau These players should be banned from playing for their country. The #IPL is trash cricket for mercenaries. Idiots.,country trash cricket,,country trash cricket,2022-03-17 21:26:23+00:00,Twitter for iPhone,1,1,3,0,['IPL'],['cricketcomau'],0.0,0.0,Neutral
1504569356247834635,1443369028454596610,ImJagga_711,False,"Cuttack, India","In IPL, Indian captains now the preferred path | Cricket https://t.co/c2c0R3Qltp",preferred path cricket,preferred,preferred path cricket,2022-03-17 21:24:22+00:00,WordPress.com,0,0,0,0,[],[],0.0,0.0,Neutral
1504569205659742214,1229137782271959040,ImPritam264,False,"West Bengal, India",IPL 2022: Strongest Playing XI of Delhi Capitals https://t.co/fjQniasLel,xi,,xi,2022-03-17 21:23:46+00:00,WordPress.com,1,0,0,0,[],[],0.0,0.0,Neutral
1504569056690647046,1501313129841512449,ImRo45,True,,"Most runs in Tests by cricketers with over 150 Test wickets⚡️

13289-Jacques Kallis
8032-Sir Gary Sobers
5248- Kapil Dev
5200-Ian Botham
5005-Ben Stokes
4531-Daniel Vettori

#BenStokes #ENGvsWI #ENGLAND #CricketTwitter #cricket #Stokesy #WIvsENG #memes #TestCricket #IPL #PSL #BBL",test dev cricket,,test dev cricket,2022-03-17 21:23:11+00:00,Twitter for iPhone,1,0,2,0,"['BenStokes', 'ENGvsWI', 'ENGLAND', 'CricketTwitter', 'cricket', 'Stokesy', 'WIvsENG', 'memes', 'TestCricket', 'IPL', 'PSL', 'BBL']",[],0.0,0.0,Neutral
1504569048423493632,1394054760358027265,imVkohli,True,,YAPAFA sensation hair removal IPL light hair removal device for home use hair re https://t.co/9jNKokjuhg eBay https://t.co/ScV0W8BUqK,sensation hair removal light hair removal device home use hair,light removal,sensation hair removal light hair removal device home use hair,2022-03-17 21:23:09+00:00,dlvr.it,0,0,0,0,[],[],0.7,0.4,Positive
1504568901786812416,1475825256891916288,INCIndia,True,"New Delhi, India","@ReginaP_123 Kyuki sbko psnd hota hai but tumhe nhi,
Same things happen as soon as i tell my friends that I don’t like ipl",happen soon tell like,,happen soon tell like,2022-03-17 21:22:34+00:00,Twitter for iPhone,0,1,1,0,[],['ReginaP_123'],0.0,0.0,Neutral
1504568396439908369,1504455741553274881,INCRajasthan,True,,"@HammondVisagie @cricketcomau IPL is the way forward buddy accept it or hate it, players need to take care of their future you cannot have international series during ipl if this happens then players will obviously go to ipl.Ipl is 4th biggest tournament in world after NBA NFL Laliga premier league okay",way forward buddy accept hate need take care future international series obviously go th biggest tournament world premier league,accept future international th tournament,way forward buddy accept hate need take care future international series obviously go th biggest tournament world premier league,2022-03-17 21:20:33+00:00,Twitter for Android,0,1,2,0,[],"['HammondVisagie', 'cricketcomau']",0.38125,-0.2,Negative
1504568333403713545,1504455741553274881,iNUFC_Sy,False,,"@MalikSa11065709 @cricketcomau IPL is the way forward buddy accept it or hate it, players need to take care of their future you cannot have international series during ipl if this happens then players will obviously go to ipl.Ipl is 4th biggest tournament in world after NBA NFL Laliga premier league okay",way forward buddy accept hate need take care future international series obviously go th biggest tournament world premier league,accept future international th tournament,way forward buddy accept hate need take care future international series obviously go th biggest tournament world premier league,2022-03-17 21:20:18+00:00,Twitter for Android,0,1,0,0,[],"['MalikSa11065709', 'cricketcomau']",0.38125,-0.2,Negative
1504567926174752770,1408261592475738113,IS_IPL,False,India,"Today's YouTube Creative Inspiration 📺  
Happy Skin Co. - IPL Hair Removal

CLICK HERE 👉    https://t.co/BX9vfxpnem https://t.co/Vl3alvGUJt",today creative inspiration happy skin hair removal click,creative happy,today creative inspiration happy skin hair removal click,2022-03-17 21:18:41+00:00,Twitter,0,0,1,0,[],[],1.0,0.65,Positive
1504567899343581190,1504455741553274881,its__lew,False,,"@Ibrahim02114 @cricketcomau IPL is the way forward buddy accept it or hate it, players need to take care of their future you cannot have international series during ipl if this happens then players will obviously go to ipl.Ipl is 4th biggest tournament in world after NBA NFL Laliga premier league okay",way forward buddy accept hate need take care future international series obviously go th biggest tournament world premier league,accept future international th tournament,way forward buddy accept hate need take care future international series obviously go th biggest tournament world premier league,2022-03-17 21:18:35+00:00,Twitter for Android,0,0,2,0,[],"['Ibrahim02114', 'cricketcomau']",0.38125,-0.2,Negative
1504567840958988289,17520319,itsSSR,True,India,"Major shoutout to @Mass_IPL, @ComActionWorks, @350Mass, @BostonClimate, @JClimateAN, @GreenRootsEJ, @MOF_Mass, @Can_Mass and Elders Climate Action for their unrelenting advocacy at yesterday’s rally and every day.",major climate action unrelenting advocacy yesterday rally every day,major,major climate action unrelenting advocacy yesterday rally every day,2022-03-17 21:18:21+00:00,Twitter for iPhone,0,1,6,1,[],"['Mass_IPL', 'ComActionWorks', '350Mass', 'BostonClimate', 'JClimateAN', 'GreenRootsEJ', 'MOF_Mass', 'Can_Mass']",0.3,0.08125,Positive
1504567756229853191,141163282,itz_me_dbs,False,chennai,"SA is set to take to the field in a crucial two-match Test series against Bangladesh without bowling spearheads Kagiso Rabada, Lungi Ngidi and Marco Jansen and star batters Rassie van der Dussen and Aiden Markram after the Proteas players chose the ... https://t.co/8JqVfxw9h1",sa set take field crucial test series without bowling lungi marco star van chose,crucial lungi marco,sa set take field crucial test series without bowling lungi marco star van chose,2022-03-17 21:18:01+00:00,Echobox,0,1,1,0,[],[],1.0,0.0,Neutral
1504567695475240976,1504455741553274881,panodds,False,Ireland  ☘ ,"@Perko78 @cricketcomau IPL is the wah forward buddy accept it or hate it, players need to take care of their future you cannot have international series during ipl if this happens then players will obviously go to ipl.Ipl is 4th biggest tournament in world after NBA NFL Laliga premier league okay",wah forward buddy accept hate need take care future international series obviously go th biggest tournament world premier league,buddy future international th tournament,wah forward buddy accept hate need take care future international series obviously go th biggest tournament world premier league,2022-03-17 21:17:46+00:00,Twitter for Android,0,2,2,0,[],"['Perko78', 'cricketcomau']",0.38125,-0.2,Negative
1504567634054070273,1175069258923069442,bets_pls,False,World,Dishonesty will stop people from saying the obvious truth that IPL is destroying the beautiful game of cricket that we all love. https://t.co/umGvMeEYO4,stop people saying obvious truth beautiful game cricket love,stop obvious beautiful,stop people saying obvious truth beautiful game cricket love,2022-03-17 21:17:32+00:00,Twitter for Android,0,0,2,0,[],[],0.625,0.2375,Positive
1504567548226019333,2382750613,rcb_itcell,False,,Thinking about selling your home? Get your seller guide today and learn about the process of home selling! https://t.co/9vAeV8eF59 https://t.co/Z0cNnIw8A7,thinking selling home get seller guide today learn process home selling,,thinking selling home get seller guide today learn process home selling,2022-03-17 21:17:11+00:00,Back At You,0,0,0,0,[],[],0.0,0.0,Neutral
1504567485990903813,1373357013636321280,ThraxJax,False,,"https://t.co/3tZSvbASJn 
@ESPNcricinfo 
One more issue is for @LucknowIPL as both their pure International fast bowlers Mark Wood and Chameera are facing fitness issues threatening their bowling department's depth. 

#TATAIPL #IPL2022",issue pure international fast mark wood facing fitness threatening bowling department depth,international fast,issue pure international fast mark wood facing fitness threatening bowling department depth,2022-03-17 21:16:56+00:00,Twitter Web App,0,0,0,0,"['TATAIPL', 'IPL2022']","['ESPNcricinfo', 'LucknowIPL']",0.3666666666666667,0.13809523809523808,Positive
1504567348077998086,1456039993307185164,InningsR,False,,"@Imhp33 @ImJagga_711 @ImPritam264
@ImRo45 @imVkohli @INCINdia @INCRajasthan
@iNUFC_Sy @IS_IPL @its__lew @itsSSR
@itz_me_dbs

For Your Daily Tips ⚽️

 Follow  @panodds &amp; @bets_pls

#88goals .com for daily promotions

➡️ https://t.co/fLi0iAu1PT

#panodds #bettingtipster #88goals https://t.co/M4GwV0YOFc",daily follow daily,daily,daily follow daily,2022-03-17 21:16:23+00:00,Twitter Web App,0,0,0,0,"['88goals', 'panodds', 'bettingtipster', '88goals']","['Imhp33', 'ImJagga_711', 'ImPritam264', 'ImRo45', 'imVkohli', 'INCINdia', 'INCRajasthan', 'iNUFC_Sy', 'IS_IPL', 'its__lew', 'itsSSR', 'itz_me_dbs', 'panodds', 'bets_pls']",0.0,0.0,Neutral
1504566822687100931,1361744537731833856,Walia6Vidhi,False,,@rcb_itcell I still vibe when ever i hear ipl theme song made by sony.,still ever hear theme song made,hear,still ever hear theme song made,2022-03-17 21:14:18+00:00,Twitter for Android,0,0,3,0,[],['rcb_itcell'],0.0,0.0,Neutral
1504566613726617609,6959082,YouTube,True,"San Bruno, CA","SA will take on Bangladesh in a two-match Test series this month without Indian Premier League (IPL)-bound stars in Kagiso Rabada, Lungi Ngidi, Marco Jansen, Rassie van der Dussen and Aiden Markram. https://t.co/LRvN2I6sJq",sa take test series month without premier league lungi marco van,,sa take test series month without premier league lungi marco van,2022-03-17 21:13:28+00:00,Echobox,1,4,5,0,[],[],0.0,0.0,Neutral
1504566534156742656,1302102777393373184,CricCrazyJohns,False,"Kerala, India","Most Centuries In IPL - 
Christopher Henry Gayle-6
Virat Kohli-5
David Warner-4

#IPL2022",henry,,henry,2022-03-17 21:13:09+00:00,Twitter for Android,0,0,0,0,['IPL2022'],[],0.0,0.0,Neutral
1504566509837774863,1468664696173596673,hcflatfangurll,False,,@ThraxJax @InningsR Good for u .. I love all the formats cz they have a flavour of their own .. Test matches have a class of their own ..  just that I feel IPL is a shitty action movie.. would support it only when those arse headed P@kiz say PSL is better than IPL 🤡,good love flavour test class feel action movie would support arse headed say better,good flavour,good love flavour test class feel action movie would support arse headed say better,2022-03-17 21:13:04+00:00,Twitter for iPhone,0,0,0,0,[],"['ThraxJax', 'InningsR', 'kiz']",0.45000000000000007,0.45,Positive
1504566224927146029,951007126595387393,AdmiringGemHC,False,Pakistan🇵🇰,All IPL kid need to read this brilliant piece in @cricbuzz &amp; it's repercussions... https://t.co/rzgCqDsxAo,need read brilliant piece,brilliant,need read brilliant piece,2022-03-17 21:11:56+00:00,Twitter for Android,0,0,0,0,[],['cricbuzz'],1.0,0.9,Positive
1504566163224739864,1494776350556573700,f1jm_,False,Expert Opinions,@Walia6Vidhi Oh I don't know anything but us week RRR bhi release ho rahi hai aur IPL bhi start ho raha hai. So looks tough.   I thought both her films will release after IPL.,oh know anything us week release ho start ho tough thought release,ho tough,oh know anything u week release ho start ho tough thought release,2022-03-17 21:11:41+00:00,Twitter for Android,0,0,0,0,[],['Walia6Vidhi'],0.8333333333333334,-0.3888888888888889,Negative
1504565931950944260,1233483875420180480,Jamshid53544919,False,"India ocupied kashmir,Saringar","IPL 2022: Virat Kohli no longer the aggressive cricketer he used to be, RCB player makes a BIG statement | Cricket News https://t.co/QX4EwJb1UX",longer aggressive cricketer used player big statement cricket news,aggressive big,longer aggressive cricketer used player big statement cricket news,2022-03-17 21:10:46+00:00,WordPress.com,0,0,0,0,[],[],0.1,0.0,Neutral
1504565921502806039,1057286649044844544,ANI,True,India,"Most runs as a captain in IPL history:

🇮🇳Virat Kohli - 4810
🇮🇳Ms Dhoni  - 4475
🇮🇳G. Gambhir - 3518 
🇮🇳Rohit Sharma - 3251 
🇦🇺David Warner -2931",captain history dhoni warner,,captain history dhoni warner,2022-03-17 21:10:43+00:00,Twitter for iPhone,0,0,2,0,[],[],0.0,0.0,Neutral
1504565770285682691,887047795387113472,iamamirofficial,True,"Lahore, Pakistan","IPL #Laserhairremoval -safe enough on face, back, underarms, #bikiniline, legs &amp; arms. Call 609-477-0700. https://t.co/DEB7SbomAp https://t.co/r3h0fZh3al",enough face back arms call,enough,enough face back arm call,2022-03-17 21:10:07+00:00,Postcron App,0,0,0,0,"['Laserhairremoval', 'bikiniline']",[],0.25,0.0,Neutral
1504565465246416898,1337005510382403584,9M_Fisher,True,York,@WeirdlyGripping @cricbuzz 👌👌👌👌 badhiya article... people who are supporting IPL blindly should seriously understand its repurcussions,article people supporting blindly seriously understand,,article people supporting blindly seriously understand,2022-03-17 21:08:55+00:00,Twitter for Android,0,1,1,0,[],"['WeirdlyGripping', 'cricbuzz']",0.4583333333333333,-0.04166666666666666,Negative
1504562666106458123,1487437185603284992,TheCricketPod,False,"London, England",@TheCricketPod You guys got anything special lined up for the IPL?,got anything special lined,special,got anything special lined,2022-03-17 20:57:47+00:00,Twitter for Android,0,0,0,0,[],['TheCricketPod'],0.5714285714285714,0.35714285714285715,Positive
1504562539807457305,951007126595387393,Abhinandan673,False,Himachal Pradesh,"@Abhinandan673 @cricbuzz Elgar's worst fears come true as stars pick IPL over Bangladesh Tests

Click here to view more : https://t.co/bVDUCEoeQS",worst come true pick click view,true,worst come true pick click view,2022-03-17 20:57:17+00:00,Twitter for Android,0,1,1,1,[],"['Abhinandan673', 'cricbuzz']",0.825,-0.325,Negative
1504562409830170647,988067528567115777,cricbuzz,True,,@TheVijayMallya Until you will return money...IPL RCB won't win Trophy 🏆 https://t.co/Mhuecbefbg,return money wo win trophy,,return money wo win trophy,2022-03-17 20:56:46+00:00,Twitter for Android,0,0,0,0,[],['TheVijayMallya'],0.4,0.8,Positive
1504562388133359617,951007126595387393,TheVijayMallya,True,India,"@Abhinandan673 Blkl bhai...
Maine pichhle season perfect prediction kiya tha top 4 ka or bola tha ki MI nhi pahunchegi or CSK will win.. 
Kyuki i know how it works...
Ye bhai Inside edge dekho smjh aa jaega..

Aj @cricbuzz pr ek brilliant article h about IPL &amp; it's effect on world cricket",season perfect prediction tha top ka bola tha mi win know works ye inside edge aa brilliant article effect world cricket,perfect top ye brilliant,season perfect prediction tha top ka bola tha mi win know work ye inside edge aa brilliant article effect world cricket,2022-03-17 20:56:41+00:00,Twitter for Android,0,3,2,0,[],"['Abhinandan673', 'cricbuzz']",0.725,0.7999999999999999,Positive
1504562387948486666,810526895183986689,rcb_itcell,False,,"@rcb_itcell @khadaksingh_ @SonySportsNetwk was the IPL broadcaster till 2018.
Hope they get back the rights next year.
All their theme songs were lit 🔥
https://t.co/ujvnGq4rwC",broadcaster till hope get back theme lit,,broadcaster till hope get back theme lit,2022-03-17 20:56:41+00:00,Twitter for Android,0,0,5,0,[],"['rcb_itcell', 'khadaksingh_', 'SonySportsNetwk']",0.0,0.0,Neutral
1504562217223536645,128893089,khadaksingh_,False,दिलऔर दिमाग,@FarziCricketer IPL and MANGOES,,,,2022-03-17 20:56:00+00:00,Twitter for iPhone,0,0,0,0,[],['FarziCricketer'],0.0,0.0,Neutral
1504562180649205762,1500355552194531331,SonySportsNetwk,True,,@abhira_tanya @AdmiringGemHC https://t.co/ILDqWrJHCQ see this,see,,see,2022-03-17 20:55:51+00:00,Twitter Web App,0,1,1,0,[],"['abhira_tanya', 'AdmiringGemHC']",0.0,0.0,Neutral
1504561688162418698,66326933,FarziCricketer,False,India,"@bhogleharsha I think CSA is at fault here, they could've avoided a clash with IPL with correct scheduling, atleast they owe that much to BCCI who did a full tour at omicron peak",think fault could clash correct owe full tour omicron peak,correct full,think fault could clash correct owe full tour omicron peak,2022-03-17 20:53:54+00:00,Twitter for Android,0,0,2,0,[],['bhogleharsha'],0.55,0.35,Positive
1504561455299018758,1140175423483076613,abhira_tanya,False,,IPL 2022: Here’s who Riyan Parag wants to spend time with as RR – Sports https://t.co/wgaqXLOCNW,spend time sports,spend,spend time sport,2022-03-17 20:52:59+00:00,WordPress.com,0,0,0,0,[],[],0.0,0.0,Neutral
1504561193041678337,44632954,AdmiringGemHC,False,Pakistan🇵🇰,BCCI expected to issue tender for IPL rights next week: https://t.co/ZXCQhz4fDg,issue tender week,,issue tender week,2022-03-17 20:51:56+00:00,Hootsuite Inc.,0,0,1,0,[],[],0.0,0.0,Neutral
1504561127790940160,1237132893664600064,bhogleharsha,True,"Mumbai, India",Thinking about selling your home? Get your seller guide today and learn about the process of home selling! https://t.co/aYYDe494Ow https://t.co/a4XxEp8ddT,thinking selling home get seller guide today learn process home selling,,thinking selling home get seller guide today learn process home selling,2022-03-17 20:51:40+00:00,Back At You,0,0,0,0,[],[],0.0,0.0,Neutral
1504560974623346691,1263898793012916224,Kim__Era2,False,#KDice #ShiVi ,"Mumbai Indians 'welcome home' rival IPL franchises The vibrant city of Mumbai and its five-time champions IPL outfit Mumbai Indians have splashed in a hue of colours covering the city, in welcoming the fellow nine franchi... #Sports by #TimesofIndia https://t.co/j13noc9IDw",home rival vibrant city outfit splashed hue covering city welcoming fellow sports,vibrant hue fellow,home rival vibrant city outfit splashed hue covering city welcoming fellow sport,2022-03-17 20:51:04+00:00,MarketsCafe,0,0,0,0,"['Sports', 'TimesofIndia']",[],0.3333333333333333,0.16666666666666666,Positive
1504560944445210634,1437829851604393986,liaml4893,True,Manchester/Barrow-in-Furness,@Kim__Era2 Kim ❤️❤️ ShiVi is not going anywhere! Star Plus knows that Pandya Store has the potential plus this show is famous! They will not get any other show to replace it any time soon with same TRP! Plus IPL season is coming so they will definitely not take the risk of ending the show❤️,kim going anywhere star plus store potential plus show famous get show replace time soon plus season coming definitely take risk ending,star store potential famous show,kim going anywhere star plus store potential plus show famous get show replace time soon plus season coming definitely take risk ending,2022-03-17 20:50:57+00:00,Twitter for iPhone,0,0,1,0,[],['Kim__Era2'],0.8333333333333334,0.16666666666666666,Positive
1504560918331543557,1101252730205683712,amolrajan,True,London,@liaml4893 Just with the ipl bound that that will bowl slow and wide on outside of off - practising switch hit like Maxi reverse sweep will score lots of runs - sure you know this,bound bowl slow wide outside switch hit like reverse sweep score lots sure know,slow wide reverse lots,bound bowl slow wide outside switch hit like reverse sweep score lot sure know,2022-03-17 20:50:50+00:00,Twitter Web App,0,0,0,0,[],['liaml4893'],0.43472222222222223,0.024999999999999994,Positive
1504560748906827777,1496036290181144578,ImRaina,True,India,"They can't play🙄 
///#PAKvAUS  #IPL https://t.co/DSE5lZIrlO",ca,,ca,2022-03-17 20:50:10+00:00,Twitter for Android,0,0,2,0,"['PAKvAUS', 'IPL']",[],0.0,0.0,Neutral
1504560720868147203,1263898793012916224,balkadi,True,Kingdom of Saudi Arabia,"A stress free Kohli could be dangerous news for opposition: Maxwell Kohli, who relinquished RCB captaincy after last year's IPL, has also resigned from T20 and Test captaincy while being removed from ODI leadership role #Latest News by #BusinessStandard https://t.co/I9xqwOkA8h",stress free could dangerous news opposition maxwell captaincy last also resigned test captaincy removed leadership role latest news,free last,stress free could dangerous news opposition maxwell captaincy last also resigned test captaincy removed leadership role latest news,2022-03-17 20:50:03+00:00,MarketsCafe,0,0,0,0,"['Latest', 'BusinessStandard']",[],0.6666666666666667,0.07500000000000001,Positive
1504560717814538244,858339416636522496,ICC,True,Dubai,@bhogleharsha I don’t think so.I think it’s make IPL better,think think make better,,think think make better,2022-03-17 20:50:03+00:00,Twitter for iPhone,0,0,0,0,[],['bhogleharsha'],0.5,0.5,Positive
1504560687170924550,973385868202389504,IPL,True,"Mumbai, India","IPL 2022-‘Everyone Was Laughing at Them, but They Went Onto Win IPL’ https://t.co/DaUEpRsplW",everyone laughing went onto win,,everyone laughing went onto win,2022-03-17 20:49:55+00:00,WordPress.com,0,0,0,0,[],[],0.4,0.8,Positive
1504560612080246793,1022877839438348291,OfficialPSL,True,South Africa,"@amolrajan Evening Amol - regarding spin bowlers, I've just seen one of those ""Top 5"" Youtube videos, in this case, strange bowling actions.  There was a guy who played in the IPL in 2016 whose action was almost identical to Paul Adams!",evening regarding spin seen top case strange bowling guy whose action almost identical,top strange identical,evening regarding spin seen top case strange bowling guy whose action almost identical,2022-03-17 20:49:37+00:00,Twitter Web App,0,0,0,0,[],['amolrajan'],0.25,0.18333333333333335,Positive
1504560494409314304,777457967989862400,TheRealPCBMedia,True,"Lahore, Pakistan",@ImRaina @balkadi Gonna miss you in ipl 🥺🥺🥺🥺,gon na miss,,gon na miss,2022-03-17 20:49:09+00:00,Twitter for Android,0,0,0,0,[],"['ImRaina', 'balkadi']",0.0,0.0,Neutral
1504560197636968461,1473692406327529478,_cricingif,True,,isn't it enough to ban cricket in india for some time? how foreginers are feeling their self save their now? or all the threaten are in Pakistan? ICC means international cricket council or indian cricket council?? @ICC @IPL @OfficialPSL @TheRealPCBMedia  @_cricingif https://t.co/fmSlCesERe,enough ban cricket time feeling self save threaten international cricket council cricket council,enough international,enough ban cricket time feeling self save threaten international cricket council cricket council,2022-03-17 20:47:59+00:00,Twitter for Android,0,0,0,0,[],"['ICC', 'IPL', 'OfficialPSL', 'TheRealPCBMedia', '_cricingif']",0.25,0.0,Neutral
1504560097669918722,1140175423483076613,newstalkzbsport,False,New Zealand,NCA’s Hardik Pandya Bowles Passes Yo-Yo Test with Honor in Preparing for IPL: Report – Sports https://t.co/h1x746Txgo,test honor report sports,,test honor report sport,2022-03-17 20:47:35+00:00,WordPress.com,0,0,0,0,[],[],0.0,0.0,Neutral
1504559450455445505,1065367905712300032,critcalthinkr,False,,"@newstalkzbsport 2 terrible home summers, players playing ipl over NZ
NZC choosing spark over sky

Has any sports organisation done more harm to themselves than NZC right now?",terrible home choosing spark sky sports done harm right,terrible spark sky,terrible home choosing spark sky sport done harm right,2022-03-17 20:45:01+00:00,Twitter for Android,0,0,0,0,[],['newstalkzbsport'],0.7678571428571428,-0.35714285714285715,Negative
1504559386026520580,432053099,murtazaatif7,False,,"@bhogleharsha IPL has become way too long to sustain interest - globally for sure, it might dip in India as well in the next few years. Less is better in most cases.",become way long sustain interest globally sure might dip well less better,long sustain sure,become way long sustain interest globally sure might dip well le better,2022-03-17 20:44:45+00:00,Twitter for iPhone,0,1,2,1,[],['bhogleharsha'],0.5962962962962962,0.31666666666666665,Positive
1504559167197310976,368138528,MokhtiarAli,False,United States,@critcalthinkr @murtazaatif7 @MokhtiarAli But they exhausted before world cup just bcoz of ipl they should hv rest for big tornament,exhausted world cup rest big,big,exhausted world cup rest big,2022-03-17 20:43:53+00:00,Twitter for Android,0,0,1,0,[],"['critcalthinkr', 'murtazaatif7', 'MokhtiarAli']",0.39999999999999997,-0.2,Negative
1504559134490116096,1438363310672396291,hcflatfangurll,False,,"There was a time when IPL used to feel like a festival :)
Do you still feel the same way now? or something is missing? #IPL2022 #IPL #TATAIPL #TATAIPL2022",time used feel like festival still feel way something missing,,time used feel like festival still feel way something missing,2022-03-17 20:43:45+00:00,Twitter Web App,0,0,1,0,"['IPL2022', 'IPL', 'TATAIPL', 'TATAIPL2022']",[],0.05,-0.2,Negative
1504558791068721158,1190242305409736705,ESPNcricinfo,True,"At the cricket, mainly",@hcflatfangurll @AdmiringGemHC We have to wait till end of may bc IPL will end on 22nd May,wait till end may end may,till,wait till end may end may,2022-03-17 20:42:23+00:00,Twitter for iPhone,0,1,0,0,[],"['hcflatfangurll', 'AdmiringGemHC']",0.0,0.0,Neutral
1504558546549190657,1140175423483076613,kevin_ABD17,False,"Chennai, India",‘Mayank Agarwal will be a great captain’: Shikhar Dhawan on NDTV ahead of IPL 2022 – Sports https://t.co/oR6N37jA2s,agarwal great captain ahead sports,great,agarwal great captain ahead sport,2022-03-17 20:41:25+00:00,WordPress.com,0,0,0,0,[],[],0.75,0.8,Positive
1504558496888598528,332754235,ABdeVilliers17,True,"South Africa, Pretoria",@ESPNcricinfo I think only South African player dont respecting their Country very bad and Greedy players #IPL,think south player dont respecting country bad greedy,bad,think south player dont respecting country bad greedy,2022-03-17 20:41:13+00:00,Twitter for iPhone,0,0,0,0,['IPL'],['ESPNcricinfo'],0.6666666666666666,-0.6999999999999998,Negative
1504558473828257800,1201988893911986178,imVkohli,True,,"Thinking about selling your home? Get your seller guide today and learn about the process of home selling!

Steve Mizz
RE/MAX TITANIUM
352-874-6638
An Award Winning Real Estate Company
Not happy with your Brokerage? Check us... https://t.co/RvzvEAc6ZN https://t.co/aWfR1y6YZc",thinking selling home get seller guide today learn process home selling titanium award winning real estate company happy brokerage check us,real happy,thinking selling home get seller guide today learn process home selling titanium award winning real estate company happy brokerage check u,2022-03-17 20:41:08+00:00,Back At You,0,0,0,0,[],[],0.6833333333333332,0.5,Positive
1504558429561671680,1443488335138201600,RealMtheekshana,False,Sri Lanka,"The color of IPL in Mumbai, welcome to MI’s opponents, special message for each team https://t.co/GsKAlGcJ5F",color welcome mi special message team,special,color welcome mi special message team,2022-03-17 20:40:57+00:00,WordPress.com,0,0,0,0,[],[],0.7357142857142858,0.5785714285714286,Positive
1504558136371597313,1302102777393373184,ChennaiIPL,True,"Chepauk, Chennai","Mark Wood likely to be ruled out of IPL 2022. If he is ruled out Lucknow are expected to rope in Kane Richardson as replacement pick. 

Mark Wood will have time till March 24th to confirm about his availability to the franchise

#IPL2022 #LSG",mark wood likely rope replacement pick mark wood time till march th confirm availability franchise,likely,mark wood likely rope replacement pick mark wood time till march th confirm availability franchise,2022-03-17 20:39:47+00:00,Twitter for Android,0,0,0,0,"['IPL2022', 'LSG']",[],1.0,0.0,Neutral
1504557969366736902,1091754599810285571,msdhoni,True,India,https://t.co/ay2x40QaxE | Bavuma acknowledges IPL catch-22 is tricky for all involved Proteas limited-overs captain Temba Bavuma said it wasn't an ideal situation not to have your best players available for a series because of the Indian Premier League. https://t.co/HljaugaDHQ,tricky involved captain said ideal situation best available series premier league,tricky ideal available,tricky involved captain said ideal situation best available series premier league,2022-03-17 20:39:07+00:00,IFTTT,0,0,0,0,[],[],0.5666666666666668,0.7666666666666666,Positive
1504557877599604736,1481456369253462026,daniel86cricket,True,Sri Lanka,Thinking about selling your home? Get your seller guide today and learn about the process of home selling! https://t.co/QpQSNuux3h https://t.co/A8ACyMYXrj,thinking selling home get seller guide today learn process home selling,,thinking selling home get seller guide today learn process home selling,2022-03-17 20:38:46+00:00,Back At You,0,0,0,0,[],[],0.0,0.0,Neutral
1504557767268483074,1501479336875937794,imtheguy007,False,"London, England",@kevin_ABD17 @ABdeVilliers17 @imVkohli Miss you ABD in this  IPL,miss,,miss,2022-03-17 20:38:19+00:00,Twitter for Android,0,0,1,0,[],"['kevin_ABD17', 'ABdeVilliers17', 'imVkohli']",0.0,0.0,Neutral
1504557255248658451,1188319183752200193,singhhemant0106,False,,@RealMtheekshana @ChennaiIPL @msdhoni @IPL All d best 💛,best,,best,2022-03-17 20:36:17+00:00,Twitter for iPhone,0,0,0,0,[],"['RealMtheekshana', 'ChennaiIPL', 'msdhoni', 'IPL']",0.3,1.0,Positive
1504557238031196168,25074116,GorgeousGryffin,False,Raipur,"Thinking about selling your home? Get your seller guide today and learn about the process of home selling!

Teresa Kennedy 
281-799-3927 https://t.co/g3vyjmyCy1 https://t.co/wtfW3iQpaR",thinking selling home get seller guide today learn process home selling,,thinking selling home get seller guide today learn process home selling,2022-03-17 20:36:13+00:00,Back At You,0,0,0,0,[],[],0.0,0.0,Neutral
1504557010037063694,1332180446,CaptainMat5,False,,"@bhogleharsha Is this the right approach?We all say priotising International cricket bt when it comes to IPL we all gladly accept players ignorance towards national https://t.co/9XPnMdo2ki we accept if our players preferred any league over country,IPL is ruining international cricket by power",right approach say international cricket comes gladly accept ignorance towards national accept preferred league country international cricket power,right international accept national preferred league international,right approach say international cricket come gladly accept ignorance towards national accept preferred league country international cricket power,2022-03-17 20:35:19+00:00,Twitter Web App,0,0,0,0,[],['bhogleharsha'],0.3839285714285714,0.19642857142857142,Positive
1504556672496254988,2489997481,mufaddal_vohra,False,,@bhogleharsha IPL is to cricketers worldwide... What onsite opportunity is to an IT employees. Make hay while the sun shines.,opportunity make hay sun,,opportunity make hay sun,2022-03-17 20:33:58+00:00,Twitter for Android,0,0,0,0,[],['bhogleharsha'],0.0,0.0,Neutral
1504556431198277632,2568118123,bongars27,False,,"And is it fair? NZ cricketers can go there to play IPL, a private league mingling with thousands of people",fair go play private league people,private,fair go play private league people,2022-03-17 20:33:01+00:00,Twitter for Android,0,1,0,0,[],[],0.6375,0.35,Positive
1504555854967750656,1405491713884499968,Mr_Kaka0,False,5th Floor Serena Hotel Kabul,"@daniel86cricket @imtheguy007 Clown smoking something really good. Totally forgot IPL came in 2008 &amp; PSL in 2015. PCB was running on BCCI funds &amp; even after 7 years ..coming up with actual “duplicate” league still running on BCCI funds &amp; it’s not me, it’s their own chairman who said it",clown smoking something really good totally forgot came running funds even coming actual duplicate league still running funds chairman said,clown good forgot actual,clown smoking something really good totally forgot came running fund even coming actual duplicate league still running fund chairman said,2022-03-17 20:30:43+00:00,Twitter for iPhone,0,0,14,0,[],"['daniel86cricket', 'imtheguy007']",0.4833333333333334,0.2333333333333333,Positive
1504555705990275077,1397261763498807299,kiaraaitis,False,,"England have declared at 507/9. A marvelous batting efforts from Joe Root and Ben Stokes to take England to a massive total, Lawrence also played well for his 91. 

#tendulkar #indvssa #slogover #didyouknow #rohitsharma #klrahul #ipl #sachin #cricketmerijaan #tendulkar",declared marvelous batting joe root ben take massive total also well,marvelous massive,declared marvelous batting joe root ben take massive total also well,2022-03-17 20:30:08+00:00,Twitter,1,0,0,0,"['tendulkar', 'indvssa', 'slogover', 'didyouknow', 'rohitsharma', 'klrahul', 'ipl', 'sachin', 'cricketmerijaan', 'tendulkar']",[],0.9166666666666666,0.3333333333333333,Positive
1504555595919237134,71594919,alishaesthetic,False,,CRICKET: SA players choose IPL over Bangladesh Tests but Proteas at full strength for ODIs https://t.co/SbUNr2salF,cricket sa choose full strength,full,cricket sa choose full strength,2022-03-17 20:29:42+00:00,Echobox,2,0,1,0,[],[],0.55,0.35,Positive
1504555444395819017,958577883928317952,Cricketracker,True,India,@singhhemant0106 @bhogleharsha I love India and Indian people probably more than you love yourself. I don't need your certificate to show my feelings. Go and check my first reply to Harsha . I talked about the impact of IPL and franchise cricket on the international cricket.,love people probably love need certificate show go check first reply impact franchise cricket international cricket,impact international,love people probably love need certificate show go check first reply impact franchise cricket international cricket,2022-03-17 20:29:05+00:00,Twitter for Android,0,0,0,0,[],"['singhhemant0106', 'bhogleharsha']",0.3833333333333333,0.3125,Positive
1504555379237298186,243563320,DhadwalParanjay,False,,@bhogleharsha Plus player like Jansen van de dussen and ngidi r not 1st choices . They going to warm the bench .. they should have stayed .. ipl is killing international n South African cricket,plus player like van de st going warm bench stayed killing international south cricket,warm international,plus player like van de st going warm bench stayed killing international south cricket,2022-03-17 20:28:50+00:00,Twitter for Android,0,0,0,0,[],['bhogleharsha'],0.3,0.3,Positive
1504555043869331456,1259157039407747072,BrahmanAbhishe7,False,,@GorgeousGryffin @CaptainMat5 @mufaddal_vohra @bongars27 He’s better than a majority of indian pacers of other teams in this ipl and he is our third pacer. But i get what you mean. But personally i am confident he and our bowling attack will do really well. They’ll make a huge difference.,better majority third pacer get mean personally confident bowling attack really well make huge difference,third confident huge,better majority third pacer get mean personally confident bowling attack really well make huge difference,2022-03-17 20:27:30+00:00,Twitter for iPhone,0,1,1,0,[],"['GorgeousGryffin', 'CaptainMat5', 'mufaddal_vohra', 'bongars27']",0.5201388888888889,0.21458333333333335,Positive
1504554996741943298,1435359469567819780,mipaltan,True,"Mumbai, India",@ESPNcricinfo South African Cricket Distroyed Via IPL.,south cricket via,south,south cricket via,2022-03-17 20:27:19+00:00,Twitter for Android,0,1,0,0,[],['ESPNcricinfo'],0.0,0.0,Neutral
1504554578452234242,1948875368,ImRo45,True,,Just got this offer Health and Beauty IPL (Intense Pulsed Light) Hair Removal https://t.co/j3mtCtr64m,got offer health beauty intense light hair removal,intense light,got offer health beauty intense light hair removal,2022-03-17 20:25:39+00:00,twittbot.net,0,0,1,0,[],[],0.85,0.30000000000000004,Positive
1504554500236922881,243563320,rilla_2004,False,"Kolkata, India","@bhogleharsha This is pathetic.  Ipl ruining cricket ... South Africa well placed in the test championship . This will benefit India if South Africa don't win 

Ruling must be country b4 worthless ipl",pathetic cricket south well test championship benefit south win ruling must country worthless,pathetic south win,pathetic cricket south well test championship benefit south win ruling must country worthless,2022-03-17 20:25:20+00:00,Twitter for Android,0,0,0,0,[],['bhogleharsha'],0.7666666666666666,-0.3333333333333333,Negative
1504553887965097988,1140175423483076613,KKRiders,True,Kolkata,"With two of the best spinners in the IPL and a competent roster, Kumar Sangakkara is confident of success – Sports https://t.co/rKpZC2WyfN",best competent roster confident success sports,confident,best competent roster confident success sport,2022-03-17 20:22:54+00:00,WordPress.com,0,0,0,0,[],[],0.44999999999999996,0.575,Positive
1504553885637226502,1140175423483076613,MeghaChavan17,False,"Maharashtra, India",IPL 2022: Here’s what Hardika Pandya’s leadership motto would be for the titans of Gujarat – Sports https://t.co/NMYc5RGfUP,leadership motto would sports,,leadership motto would sport,2022-03-17 20:22:54+00:00,WordPress.com,0,0,0,0,[],[],0.0,0.0,Neutral
1504553368047562760,1470724238466236422,iplmediarights,False,,Delhi Capitals bus attacked in Mumbai #IPL #DelhiCapitals https://t.co/fklzxpEvuo,bus,,bus,2022-03-17 20:20:50+00:00,Twitter for iPhone,2,5,5,0,"['IPL', 'DelhiCapitals']",[],0.0,0.0,Neutral
1504553329040375811,1282005691821985793,smileandraja,False,India,"@Mr_Kaka0 @bhogleharsha Ok sir, i will convey the message to CSA to send their players to play in world's richest premium branded league PSL instead of going for poor league IPL where hardly any active cricketers play. Regards 👍🏼",sir convey message send play world premium branded league instead going poor league hardly active play,convey poor active,sir convey message send play world premium branded league instead going poor league hardly active play,2022-03-17 20:20:41+00:00,Twitter for Android,0,1,1,0,[],"['Mr_Kaka0', 'bhogleharsha']",0.6,-0.26666666666666666,Negative
1504553309268758528,1408089740268630023,Anshu34503604,False,,@kiaraaitis unfollow me during ipl babe 😂😂😭😭,babe,,babe,2022-03-17 20:20:36+00:00,Twitter Web App,0,0,0,0,[],['kiaraaitis'],0.0,0.0,Neutral
1504553205509808129,1042942180824772608,TheBarmyArmy,True,All over the world.,"Thinking about selling your home? Get your seller guide today and learn about the process of home selling!

Andrea Osbon
Churchill Properties
Residential Realtor
508-228-3733 https://t.co/0MOLODromM https://t.co/Mc0uwDch3D",thinking selling home get seller guide today learn process home selling residential realtor,residential,thinking selling home get seller guide today learn process home selling residential realtor,2022-03-17 20:20:12+00:00,Back At You,0,0,0,0,[],[],0.0,0.0,Neutral
1504553187864297481,1394054760358027265,ShubhamRetweets,False,India,Lescolton 3in1 700000 Pulsed IPL Laser Hair Removal Device Permanent Hair Remova https://t.co/E49PKXTn8m eBay https://t.co/WaVsItsUDf,laser hair removal device permanent hair,removal,laser hair removal device permanent hair,2022-03-17 20:20:07+00:00,dlvr.it,0,0,0,0,[],[],0.0,0.0,Neutral
1504552923459915776,1500355552194531331,Oliver79533583,False,,@abhira_tanya @AdmiringGemHC May.. after IPL ig,may,,may,2022-03-17 20:19:04+00:00,Twitter Web App,0,1,1,0,[],"['abhira_tanya', 'AdmiringGemHC']",0.0,0.0,Neutral
1504552676016603155,1475168021203361799,nissoana_iqbal,False,"Lahore, Pakistan",@alishaesthetic united haar gayi ab ipl me kya hi maza 😭😭😭,united hi maza,united,united hi maza,2022-03-17 20:18:05+00:00,Twitter for Android,0,0,0,0,[],['alishaesthetic'],0.0,0.0,Neutral
1504552614758858752,1067563741234020352,CricketinHeroes,False,,NO PROBLEM BUT IPL STILL TAKE THEIR KNEES https://t.co/qkGBJGgkpa,problem still take,,problem still take,2022-03-17 20:17:51+00:00,Twitter for Android,0,0,0,1,[],[],0.0,0.0,Neutral
1504552415298666504,1315644636493344769,rashidkhan_19,True,Afghanistan,"@Cricketracker Raina is called Mr IPL. Everyone was thinking we’d call King Kohli Mr IPL but Raina has that nickname but he’s way past his prime &amp; unsold in auction this time. Time to give the Mr IPL tag to someone else I guess.

That someone else is……..Reply who u think it should be",everyone thinking call king nickname way past prime unsold auction time time give tag someone else guess someone else reply think,nickname prime unsold,everyone thinking call king nickname way past prime unsold auction time time give tag someone else guess someone else reply think,2022-03-17 20:17:03+00:00,Twitter for iPad,0,1,0,0,[],['Cricketracker'],0.25,-0.25,Negative
1504552322084786176,1408089740268630023,Uz_Khawaja,True,"Brisbane, Queensland","@DhadwalParanjay then during ipl stay away from my twts, achha nai lagega 😭",stay away,,stay away,2022-03-17 20:16:41+00:00,Twitter Web App,0,2,0,0,[],['DhadwalParanjay'],0.0,0.0,Neutral
1504552280967860225,1501479336875937794,babarazam258,True,,@BrahmanAbhishe7 @mipaltan @ImRo45 Mi is going win the IPL CHAMPION,mi going win champion,win,mi going win champion,2022-03-17 20:16:31+00:00,Twitter for Android,0,0,1,0,[],"['BrahmanAbhishe7', 'mipaltan', 'ImRo45']",0.4,0.8,Positive
1504552095931932679,35739920,imabd28,True,"Sialkot, Pakistan","Thinking about selling your home? Get your seller guide today and learn about the process of home selling!

Susan BeVille
The Susan BeVille Team
 
Sellstate Superior Realty
Serving The Villages and Ocala/Marion County in... https://t.co/FVm798YzkW https://t.co/zvd9aEUQPj",thinking selling home get seller guide today learn process home selling team superior realty serving county,,thinking selling home get seller guide today learn process home selling team superior realty serving county,2022-03-17 20:15:47+00:00,Back At You,0,0,0,0,[],[],0.9,0.7,Positive
1504551950099968000,880031916019171328,iMRizwanPak,True,Pakistan,"@rilla_2004 If @KKRiders will go with this it will be the best jersey ever of ipl...
Great work 👍👏",go best jersey ever great work,great,go best jersey ever great work,2022-03-17 20:15:12+00:00,Twitter for Android,0,1,3,0,[],"['rilla_2004', 'KKRiders']",0.525,0.9,Positive
1504551880126795776,3099473820,TheRealPCB,True,,"Okay paring the p*rn comment let’s bring some more classy acts from classy family - IPL betting in 3015 for which he got lifetime ban from series, property scam ,spa scam real estate scandal too classy for us I am way better as kk fans than such classy people https://t.co/IN872ADbD4",paring comment let bring classy classy family betting got lifetime ban series property scam spa scam real estate scandal classy us way better classy people,classy classy lifetime ban scam scam real classy,paring comment let bring classy classy family betting got lifetime ban series property scam spa scam real estate scandal classy u way better classy people,2022-03-17 20:14:56+00:00,Twitter for iPhone,0,1,0,1,[],[],0.7333333333333334,0.18333333333333335,Positive
1504551825176940544,1470724238466236422,FirdoseM,True,,"IPL Franchise Delhi Capitals team bus has been attached by group of people

 #IPL #DelhiCapitals #Attack",franchise team bus attached group people attack,,franchise team bus attached group people attack,2022-03-17 20:14:43+00:00,Twitter for iPhone,2,3,3,1,"['IPL', 'DelhiCapitals', 'Attack']",[],0.0,0.0,Neutral
1504551649288896514,16542390,CityOrdinary,False,hyderabad,"✅ Khaya Zondo 
✅ Lizaad Williams
❌ IPL-bound players 

https://t.co/T7CF65hgIc",,,,2022-03-17 20:14:01+00:00,Sprinklr,2,6,95,0,[],[],0.0,0.0,Neutral
